fromInducteeId,fromName,relationshipType,targetName,targetInducteeId,targetInducteeName,confidence,sourcePageUrl,needsReview
abby-mina-2018,Abby Mina,inducted_by,his son Michael Mina and Pierre Bejjani,,,0.62,https://clevelandinternationalhalloffame.com/inductees-asia/abby-mina/,true
aklilu-demessie-2026,Aklilu Demessie,inducted_by,"his daughter Dr. Menna Demessie, Ph.D",,,0.62,https://clevelandinternationalhalloffame.com/aklilu-demessie/,true
akram-boutros-2019,Akram Boutros,inducted_by,Cuyahoga County Executive Armond Budish,,,0.62,https://clevelandinternationalhalloffame.com/akram-boutros/,true
ambassador-edward-f-crawford-2024,Ambassador Edward F. Crawford,inducted_by,Ambassador Nason,,,0.62,https://clevelandinternationalhalloffame.com/inductees/ambassador-edward-f-crawford/,true
andy-chakalis-2026,Andy Chakalis,inducted_by,Lou Frangos,,,0.62,https://clevelandinternationalhalloffame.com/andy-chakalis/,true
andy-fedynsky-2026,Andy Fedynsky,inducted_by,"United Ukrainian Organizations of Ohio President George E. Jaskiw, M.D",,,0.62,https://clevelandinternationalhalloffame.com/andy-fedynsky/,true
arnie-de-la-porte-2016-2016,Arnie de la Porte – 2016,inducted_by,the Honorary Consul of the Republic of Lithuania Ingrida Bublys,,,0.62,https://clevelandinternationalhalloffame.com/arnie-de-la-porte-2016/,true
atul-mehta-2018,Atul Mehta,inducted_by,"Richard J. Buoncore , Managing Partner, MAI Capital Management",,,0.62,https://clevelandinternationalhalloffame.com/inductees-asia/atul-mehta/,true
basil-russo-2017,Basil Russo,inducted_by,daughter Gabriella and son-in-law Joseph Rosalina,,,0.62,https://clevelandinternationalhalloffame.com/inductees-europe/basil-russo/,true
berj-shakarian-2020,Berj Shakarian,inducted_by,Paul Burik and Dr. Wael Khoury,,,0.62,https://clevelandinternationalhalloffame.com/berj-shakarian/,true
beverly-kerecman-2025,Beverly Kerecman,inducted_by,OCAGC President Lisa Wong,,,0.62,https://clevelandinternationalhalloffame.com/beverly-kerecman/,true
bill-miller-2017,Bill Miller,inducted_by,August Pust,august-pust-2010,August Pust,0.78,https://clevelandinternationalhalloffame.com/inductees-europe/bill-miller/,true
bishop-anthony-pilla-2015,Bishop Anthony Pilla,inducted_by,Sam Miller,,,0.62,https://clevelandinternationalhalloffame.com/bishop-anthony-pilla-2015/,true
branka-malinar-2025,Branka Malinar,inducted_by,Thomas Turkaly,,,0.62,https://clevelandinternationalhalloffame.com/branka-malinar/,true
carolyn-balogh-2016-2016,Carolyn Balogh – 2016,inducted_by,Dr. Maria Pujana,dr-maria-pujana-2013,Dr. Maria Pujana,0.78,https://clevelandinternationalhalloffame.com/carolyn-balogh-2016/,true
carolyn-balogh-2016-2016,Carolyn Balogh – 2016,inducted_by,Dr. Maria Pujana,dr-maria-pujana-2013,Dr. Maria Pujana,0.78,https://clevelandinternationalhalloffame.com/induction-event-info/carolyn-balogh/,true
catherine-jorgensen-mccutcheon-2026,Catherine Jorgensen McCutcheon,inducted_by,her daughter Karin McCutcheon,,,0.62,https://clevelandinternationalhalloffame.com/catherine-jorgensen-mccutcheon/,true
david-gilbert-2025,David Gilbert,inducted_by,Global Cleveland CEO Joe Cimperman,,,0.62,https://clevelandinternationalhalloffame.com/david-gilbert/,true
dona-brady-2024,Dona Brady,inducted_by,Mike Polensek,,,0.62,https://clevelandinternationalhalloffame.com/inductees/dona-brady/,true
dr-eugene-jordan-2024,Dr. Eugene Jordan,inducted_by,Rev Moss Jr,,,0.62,https://clevelandinternationalhalloffame.com/inductees/dr-eugene-jordan/,true
erika-puussaar-2024,Erika Puussaar,inducted_by,Ambassador Prikk,,,0.62,https://clevelandinternationalhalloffame.com/inductees/erika-puussaar/,true
eugenia-stolarczyk-2016-2016,Eugenia Stolarczyk – 2016,inducted_by,Polish Consul General Urszula Gacek from New York,,,0.62,https://clevelandinternationalhalloffame.com/eugenia-stolarczyk-2016/,true
eugenia-stolarczyk-2016-2016,Eugenia Stolarczyk – 2016,inducted_by,Polish Consul General Urszula Gacek from New York,,,0.62,https://clevelandinternationalhalloffame.com/induction-event-info/eugenia-stolarczyk/,true
georgine-welo-2023,Georgine Welo,inducted_by,Alex Machaskee,alex-machaskee-2010,Alex Machaskee,0.78,https://clevelandinternationalhalloffame.com/georgine-welo/,true
honorable-jose-a-villanueva-2015,Honorable José A. Villanueva,inducted_by,José Feliciano,jose-c-feliciano-2012,José C. Feliciano,0.78,https://clevelandinternationalhalloffame.com/honorable-jose-a-villanueva-2015/,true
ingrida-bublys-2019,Ingrida Bublys,inducted_by,Alex Machaskee (Former Plain Dealer Publisher),,,0.62,https://clevelandinternationalhalloffame.com/ingrida-bublys/,true
jack-kahl-2016,Jack Kahl,inducted_by,Dan Coughlin,,,0.62,https://clevelandinternationalhalloffame.com/jack-kahl-2016/,true
jack-kahl-2016,Jack Kahl,inducted_by,Dan Coughlin,,,0.62,https://clevelandinternationalhalloffame.com/induction-event-info/jack-kahl/,true
jim-craciun-2017,Jim Craciun,inducted_by,Cleveland Councilman Matt Zone,,,0.62,https://clevelandinternationalhalloffame.com/inductees-europe/jim-craciun/,true
joe-valencic-2020,Joe Valencic,inducted_by,Cleveland City Councilman and fellow Slovenian Mike Polensek,,,0.62,https://clevelandinternationalhalloffame.com/joe-valencic/,true
johnny-k-wu-2024,Johnny K. Wu,inducted_by,Margaret Wong,margaret-w-wong-2010,Margaret W. Wong,0.78,https://clevelandinternationalhalloffame.com/inductees/johnny-k-wu/,true
joyce-mariani-2023,Joyce Mariani,inducted_by,Basil Russo,basil-russo-2017,Basil Russo,0.78,https://clevelandinternationalhalloffame.com/joyce-mariani/,true
khalid-samad-2016-2016,Khalid Samad – 2016,inducted_by,City of Cleveland Community Relations Board Director Blaine Griffin,,,0.62,https://clevelandinternationalhalloffame.com/khalid-samad-2016/,true
khalid-samad-2016-2016,Khalid Samad – 2016,inducted_by,City of Cleveland Director Blaine Griffin,,,0.62,https://clevelandinternationalhalloffame.com/induction-event-info/khalid-samad/,true
le-nguyen-2026,Le Nguyen,inducted_by,former Cleveland Mayor Frank G. Jackson,,,0.62,https://clevelandinternationalhalloffame.com/le-nguyen/,true
lucy-torres-2026,Lucy Torres,inducted_by,Cleveland City Council President Blaine Griffin,,,0.62,https://clevelandinternationalhalloffame.com/lucy-torres/,true
margaret-lynch-2020,Margaret Lynch,inducted_by,Gerry Quinn,,,0.62,https://clevelandinternationalhalloffame.com/margaret-lynch/,true
marilyn-madigan-2019,Marilyn Madigan,inducted_by,John O’Brien Jr. (Ohio Irish American News Publisher),,,0.62,https://clevelandinternationalhalloffame.com/marilyn-madigan/,true
may-chen-2020,May Chen,inducted_by,Margaret Wong,margaret-w-wong-2010,Margaret W. Wong,0.78,https://clevelandinternationalhalloffame.com/may-chen/,true
michael-d-polensek-2023,Michael D. Polensek,inducted_by,Joe Cimperman,,,0.62,https://clevelandinternationalhalloffame.com/michael-d-polensek/,true
mohan-bafna-2016,Mohan Bafna,inducted_by,his son Suresh Bafna,,,0.62,https://clevelandinternationalhalloffame.com/mohan-bafna-2016/,true
mohan-bafna-2016,Mohan Bafna,inducted_by,his son Suresh Bafna,,,0.62,https://clevelandinternationalhalloffame.com/induction-event-info/dr-mohan-bafna/,true
mona-alag-2017,Mona Alag,inducted_by,Sudarshan Sathe,sudarshan-sathe-2023,Sudarshan Sathe,0.78,https://clevelandinternationalhalloffame.com/inductees/mona-alag/,true
pat-dowd-2023,Pat Dowd,inducted_by,Gerry Quinn,,,0.62,https://clevelandinternationalhalloffame.com/pat-dowd/,true
paul-burik-2019,Paul Burik,inducted_by,Chris Ronayne (University Circle President),,,0.62,https://clevelandinternationalhalloffame.com/paul-burik/,true
pierre-bejjani-2023,Pierre Bejjani,inducted_by,Seven Hills Mayor Anthony D. Biasiotta,,,0.62,https://clevelandinternationalhalloffame.com/pierre-bejjani/,true
raj-aggarwal-2025,Raj Aggarwal,inducted_by,Values-in-Action President Stuart Muszynski,,,0.62,https://clevelandinternationalhalloffame.com/raj-aggarwal/,true
ralph-perk-jr-2018,Ralph Perk Jr.,inducted_by,Congresswoman Mary Rose Oakar,,,0.62,https://clevelandinternationalhalloffame.com/inductees-europe/ralph-perk-jr/,true
ramesh-shah-2020,Ramesh Shah,inducted_by,Federation of India Community Associations Board Chairman Sudarshan Sathe and welcomed to the Hall by Inaugural CIHF inductee Paramjit Singh,,,0.62,https://clevelandinternationalhalloffame.com/ramesh-shah/,true
ramesh-shah-2020,Ramesh Shah,inducted_by,Sudarshan Sathe and Paramjit Singh,,,0.62,https://clevelandinternationalhalloffame.com/ramesh-shah/,true
ramesh-shah-2020,Ramesh Shah,inducted_by,Sudarshan Sathe,sudarshan-sathe-2023,Sudarshan Sathe,0.78,https://clevelandinternationalhalloffame.com/ramesh-shah/,true
ray-pianka-2018,Ray Pianka,inducted_by,Councilman Anthony Brancatelli. Kirsten Pianka and Karen Pianka accept the award for their late father/husband Judge Ray Pianka,,,0.62,https://clevelandinternationalhalloffame.com/inductees-europe/ray-pianka/,true
rev-mikhail-mikhail-2016,Rev. Mikhail Mikhail,inducted_by,Seven Hills Mayor Richard Dell’Aquila,,,0.62,https://clevelandinternationalhalloffame.com/induction-event-info/rev-mikhail-mikhail/,true
rev-mikhail-mikhail-2016,Rev. Mikhail Mikhail,inducted_by,Seven Hills Mayor Richard Dell’Aquila,,,0.62,https://clevelandinternationalhalloffame.com/reverend-mikhail-mikhail-2016/,true
richard-fleischman-2019,Richard Fleischman,inducted_by,Ernie Mihaly,ernie-mihaly-2014,Ernie Mihaly,0.78,https://clevelandinternationalhalloffame.com/richard-fleischman/,true
sam-kim-2017,Sam Kim,inducted_by,his son Ki Kim,,,0.62,https://clevelandinternationalhalloffame.com/inductees-asia/sam-kim/,true
sheila-murphy-crawford-2018,Sheila Murphy Crawford,inducted_by,Gerry Quinn,,,0.62,https://clevelandinternationalhalloffame.com/inductees-europe/sheila-murphy-crawford/,true
shiv-k-aggarwal-2015,Shiv K. Aggarwal,inducted_by,Michael Sreshta,,,0.62,https://clevelandinternationalhalloffame.com/shiv-k-aggarwal-2015/,true
sister-alicia-alvarado-2018,Sister Alicia Alvarado,inducted_by,Jose Feliciano,jose-c-feliciano-2012,José C. Feliciano,0.78,https://clevelandinternationalhalloffame.com/inductees-south-america/sister-alicia-alvarado/,true
sree-sreenath-2019,Sree Sreenath,inducted_by,Ramesh Shah (Association of Indian Physicians of Northern Ohio),,,0.62,https://clevelandinternationalhalloffame.com/sree-sreenath/,true
sudarshan-sathe-2023,Sudarshan Sathe,inducted_by,Baiju Shah,,,0.62,https://clevelandinternationalhalloffame.com/sudarshan-sathe/,true
svetlana-stolyarova-2025,Svetlana Stolyarova,inducted_by,Dr. Anton Komar,,,0.62,https://clevelandinternationalhalloffame.com/svetlana-stolyarova/,true
valarie-mccall-2020,Valarie McCall,inducted_by,Albert Ratner,albert-b-ratner-2011,Albert B. Ratner,0.78,https://clevelandinternationalhalloffame.com/valarie-mccall/,true
veronica-dahlberg-2024,Veronica Dahlberg,inducted_by,Jasmin Santana,,,0.62,https://clevelandinternationalhalloffame.com/inductees/veronica-dahlberg/,true
wael-khoury-2017,Wael Khoury,inducted_by,Dr. Nizar Zein,,,0.62,https://clevelandinternationalhalloffame.com/inductees-asia/wael-khoury/,true
