personAId,personAName,personBId,personBName,evidenceType,confidence,sourcePageUrl,needsReview
abby-mina-2018,Abby Mina,pierre-bejjani-2023,Pierre Bejjani,profile-name-mention,0.54,https://clevelandinternationalhalloffame.com/inductees-asia/abby-mina/,true
ambassador-edward-f-crawford-2024,Ambassador Edward F. Crawford,sheila-murphy-crawford-2018,Sheila Murphy Crawford,profile-name-mention,0.54,https://clevelandinternationalhalloffame.com/inductees/ambassador-edward-f-crawford/,true
arnie-de-la-porte-2016-2016,Arnie de la Porte – 2016,ingrida-bublys-2019,Ingrida Bublys,profile-name-mention,0.54,https://clevelandinternationalhalloffame.com/arnie-de-la-porte-2016/,true
atul-mehta-2018,Atul Mehta,mona-alag-2017,Mona Alag,profile-name-mention,0.54,https://clevelandinternationalhalloffame.com/inductees-asia/atul-mehta/,true
atul-mehta-2018,Atul Mehta,paramjit-singh-2010,Paramjit Singh,profile-name-mention,0.54,https://clevelandinternationalhalloffame.com/inductees-asia/atul-mehta/,true
atul-mehta-2018,Atul Mehta,ken-kovach-2012,Ken Kovach,profile-name-mention,0.54,https://clevelandinternationalhalloffame.com/inductees-asia/atul-mehta/,true
basil-russo-2017,Basil Russo,mona-alag-2017,Mona Alag,profile-name-mention,0.54,https://clevelandinternationalhalloffame.com/inductees-europe/basil-russo/,true
basil-russo-2017,Basil Russo,jim-craciun-2017,Jim Craciun,profile-name-mention,0.54,https://clevelandinternationalhalloffame.com/inductees-europe/basil-russo/,true
basil-russo-2017,Basil Russo,bishop-anthony-pilla-2015,Bishop Anthony Pilla,profile-name-mention,0.54,https://clevelandinternationalhalloffame.com/inductees-europe/basil-russo/,true
berj-shakarian-2020,Berj Shakarian,paul-burik-2019,Paul Burik,profile-name-mention,0.54,https://clevelandinternationalhalloffame.com/berj-shakarian/,true
berj-shakarian-2020,Berj Shakarian,wael-khoury-2017,Wael Khoury,profile-name-mention,0.54,https://clevelandinternationalhalloffame.com/berj-shakarian/,true
berj-shakarian-2020,Berj Shakarian,leo-weidenthal-2010,Leo Weidenthal,profile-name-mention,0.54,https://clevelandinternationalhalloffame.com/berj-shakarian/,true
bill-miller-2017,Bill Miller,august-pust-2010,August Pust,profile-name-mention,0.54,https://clevelandinternationalhalloffame.com/inductees-europe/bill-miller/,true
branka-malinar-2025,Branka Malinar,raj-aggarwal-2025,Raj Aggarwal,profile-name-mention,0.54,https://clevelandinternationalhalloffame.com/branka-malinar/,true
carl-robson-2022,Carl Robson,aklilu-demessie-2026,Aklilu Demessie,profile-name-mention,0.54,https://clevelandinternationalhalloffame.com/carl-robson/,true
carolyn-balogh-2016-2016,Carolyn Balogh – 2016,dr-maria-pujana-2013,Dr. Maria Pujana,profile-name-mention,0.54,https://clevelandinternationalhalloffame.com/carolyn-balogh-2016/,true
carolyn-balogh-2016-2016,Carolyn Balogh – 2016,dr-maria-pujana-2013,Dr. Maria Pujana,profile-name-mention,0.54,https://clevelandinternationalhalloffame.com/induction-event-info/carolyn-balogh/,true
david-gilbert-2025,David Gilbert,mayor-frank-jackson-2025,Mayor Frank Jackson,profile-name-mention,0.54,https://clevelandinternationalhalloffame.com/david-gilbert/,true
david-gilbert-2025,David Gilbert,svetlana-stolyarova-2025,Svetlana Stolyarova,profile-name-mention,0.54,https://clevelandinternationalhalloffame.com/david-gilbert/,true
david-gilbert-2025,David Gilbert,ingrida-bublys-2019,Ingrida Bublys,profile-name-mention,0.54,https://clevelandinternationalhalloffame.com/david-gilbert/,true
dick-pogue-2015,Dick Pogue,bishop-anthony-pilla-2015,Bishop Anthony Pilla,profile-name-mention,0.54,https://clevelandinternationalhalloffame.com/richard-pogue-2015/,true
dick-russ-2015,Dick Russ,tony-petkovsek-2011,Tony Petkovsek,profile-name-mention,0.54,https://clevelandinternationalhalloffame.com/dick-russ-2015/,true
dona-brady-2024,Dona Brady,michael-d-polensek-2023,Michael D. Polensek,profile-name-mention,0.54,https://clevelandinternationalhalloffame.com/inductees/dona-brady/,true
dr-jaya-shah-2012,Dr. Jaya Shah,ramesh-shah-2020,Ramesh Shah,profile-name-mention,0.54,https://clevelandinternationalhalloffame.com/dr-jaya-shah-2012/,true
dr-jaya-shah-2012,Dr. Jaya Shah,mona-alag-2017,Mona Alag,profile-name-mention,0.54,https://clevelandinternationalhalloffame.com/dr-jaya-shah-2012/,true
erika-puussaar-2024,Erika Puussaar,pierre-bejjani-2023,Pierre Bejjani,profile-name-mention,0.54,https://clevelandinternationalhalloffame.com/inductees/erika-puussaar/,true
erika-puussaar-2024,Erika Puussaar,ingrida-bublys-2019,Ingrida Bublys,profile-name-mention,0.54,https://clevelandinternationalhalloffame.com/inductees/erika-puussaar/,true
erika-puussaar-2024,Erika Puussaar,irene-morrow-2010,Irene Morrow,profile-name-mention,0.54,https://clevelandinternationalhalloffame.com/inductees/erika-puussaar/,true
georgine-welo-2023,Georgine Welo,alex-machaskee-2010,Alex Machaskee,profile-name-mention,0.54,https://clevelandinternationalhalloffame.com/georgine-welo/,true
ingrida-bublys-2019,Ingrida Bublys,alex-machaskee-2010,Alex Machaskee,profile-name-mention,0.54,https://clevelandinternationalhalloffame.com/ingrida-bublys/,true
jack-kahl-2016,Jack Kahl,dick-russ-2015,Dick Russ,profile-name-mention,0.54,https://clevelandinternationalhalloffame.com/jack-kahl-2016/,true
jim-craciun-2017,Jim Craciun,mona-alag-2017,Mona Alag,profile-name-mention,0.54,https://clevelandinternationalhalloffame.com/inductees-europe/jim-craciun/,true
jim-craciun-2017,Jim Craciun,basil-russo-2017,Basil Russo,profile-name-mention,0.54,https://clevelandinternationalhalloffame.com/inductees-europe/jim-craciun/,true
jim-craciun-2017,Jim Craciun,dick-pogue-2015,Dick Pogue,profile-name-mention,0.54,https://clevelandinternationalhalloffame.com/inductees-europe/jim-craciun/,true
johnny-k-wu-2024,Johnny K. Wu,margaret-w-wong-2010,Margaret W. Wong,profile-name-mention,0.54,https://clevelandinternationalhalloffame.com/inductees/johnny-k-wu/,true
johnny-k-wu-2024,Johnny K. Wu,aklilu-demessie-2026,Aklilu Demessie,profile-name-mention,0.54,https://clevelandinternationalhalloffame.com/inductees/johnny-k-wu/,true
joyce-mariani-2023,Joyce Mariani,mayor-frank-jackson-2025,Mayor Frank Jackson,profile-name-mention,0.54,https://clevelandinternationalhalloffame.com/joyce-mariani/,true
joyce-mariani-2023,Joyce Mariani,basil-russo-2017,Basil Russo,profile-name-mention,0.54,https://clevelandinternationalhalloffame.com/joyce-mariani/,true
le-nguyen-2026,Le Nguyen,mayor-frank-jackson-2025,Mayor Frank Jackson,profile-name-mention,0.54,https://clevelandinternationalhalloffame.com/le-nguyen/,true
le-nguyen-2026,Le Nguyen,mayor-frank-jackson-2025,Mayor Frank Jackson,profile-name-mention,0.54,https://clevelandinternationalhalloffame.com/le-nguyen-class-of-2026-vietnames-heritage-cleveland-international-hall-of-fame/,true
le-nguyen-2026,Le Nguyen,valarie-mccall-2020,Valarie McCall,profile-name-mention,0.54,https://clevelandinternationalhalloffame.com/le-nguyen-class-of-2026-vietnames-heritage-cleveland-international-hall-of-fame/,true
lucy-torres-2026,Lucy Torres,mayor-frank-jackson-2025,Mayor Frank Jackson,profile-name-mention,0.54,https://clevelandinternationalhalloffame.com/lucy-torres/,true
margaret-lynch-2020,Margaret Lynch,marilyn-madigan-2019,Marilyn Madigan,profile-name-mention,0.54,https://clevelandinternationalhalloffame.com/margaret-lynch/,true
margaret-lynch-2020,Margaret Lynch,ken-kovach-2012,Ken Kovach,profile-name-mention,0.54,https://clevelandinternationalhalloffame.com/margaret-lynch/,true
mayor-frank-jackson-2025,Mayor Frank Jackson,david-gilbert-2025,David Gilbert,profile-name-mention,0.54,https://clevelandinternationalhalloffame.com/mayor-frank-jackson/,true
mayor-frank-jackson-2025,Mayor Frank Jackson,svetlana-stolyarova-2025,Svetlana Stolyarova,profile-name-mention,0.54,https://clevelandinternationalhalloffame.com/mayor-frank-jackson/,true
mayor-frank-jackson-2025,Mayor Frank Jackson,pierre-bejjani-2023,Pierre Bejjani,profile-name-mention,0.54,https://clevelandinternationalhalloffame.com/mayor-frank-jackson/,true
mayor-frank-jackson-2025,Mayor Frank Jackson,ingrida-bublys-2019,Ingrida Bublys,profile-name-mention,0.54,https://clevelandinternationalhalloffame.com/mayor-frank-jackson/,true
mayor-frank-jackson-2025,Mayor Frank Jackson,valarie-mccall-2020,Valarie McCall,profile-name-mention,0.54,https://clevelandinternationalhalloffame.com/mayor-frank-jackson/,true
mayor-frank-jackson-2025,Mayor Frank Jackson,dick-pogue-2015,Dick Pogue,profile-name-mention,0.54,https://clevelandinternationalhalloffame.com/mayor-frank-jackson/,true
michael-d-polensek-2023,Michael D. Polensek,august-pust-2010,August Pust,profile-name-mention,0.54,https://clevelandinternationalhalloffame.com/michael-d-polensek/,true
mona-alag-2017,Mona Alag,sudarshan-sathe-2023,Sudarshan Sathe,profile-name-mention,0.54,https://clevelandinternationalhalloffame.com/inductees/mona-alag/,true
mona-alag-2017,Mona Alag,ramesh-shah-2020,Ramesh Shah,profile-name-mention,0.54,https://clevelandinternationalhalloffame.com/inductees/mona-alag/,true
mona-alag-2017,Mona Alag,jim-craciun-2017,Jim Craciun,profile-name-mention,0.54,https://clevelandinternationalhalloffame.com/inductees/mona-alag/,true
mona-alag-2017,Mona Alag,basil-russo-2017,Basil Russo,profile-name-mention,0.54,https://clevelandinternationalhalloffame.com/inductees/mona-alag/,true
mona-alag-2017,Mona Alag,dick-russ-2015,Dick Russ,profile-name-mention,0.54,https://clevelandinternationalhalloffame.com/inductees/mona-alag/,true
ralph-perk-jr-2018,Ralph Perk Jr.,pierre-bejjani-2023,Pierre Bejjani,profile-name-mention,0.54,https://clevelandinternationalhalloffame.com/inductees-europe/ralph-perk-jr/,true
ralph-perk-jr-2018,Ralph Perk Jr.,sheila-murphy-crawford-2018,Sheila Murphy Crawford,profile-name-mention,0.54,https://clevelandinternationalhalloffame.com/inductees-europe/ralph-perk-jr/,true
ralph-perk-jr-2018,Ralph Perk Jr.,irene-morrow-2010,Irene Morrow,profile-name-mention,0.54,https://clevelandinternationalhalloffame.com/inductees-europe/ralph-perk-jr/,true
ralph-perk-jr-2018,Ralph Perk Jr.,ralph-j-perk-2011,Ralph J. Perk,profile-name-mention,0.54,https://clevelandinternationalhalloffame.com/inductees-europe/ralph-perk-jr/,true
ramesh-shah-2020,Ramesh Shah,sudarshan-sathe-2023,Sudarshan Sathe,profile-name-mention,0.54,https://clevelandinternationalhalloffame.com/ramesh-shah/,true
ramesh-shah-2020,Ramesh Shah,paramjit-singh-2010,Paramjit Singh,profile-name-mention,0.54,https://clevelandinternationalhalloffame.com/ramesh-shah/,true
ramesh-shah-2020,Ramesh Shah,dr-jaya-shah-2012,Dr. Jaya Shah,profile-name-mention,0.54,https://clevelandinternationalhalloffame.com/ramesh-shah/,true
ramesh-shah-2020,Ramesh Shah,sudarshan-sathe-2023,Sudarshan Sathe,profile-name-mention,0.54,https://clevelandinternationalhalloffame.com/inductees/ramesh-shah/,true
ramesh-shah-2020,Ramesh Shah,paramjit-singh-2010,Paramjit Singh,profile-name-mention,0.54,https://clevelandinternationalhalloffame.com/inductees/ramesh-shah/,true
ramesh-shah-2020,Ramesh Shah,dr-jaya-shah-2012,Dr. Jaya Shah,profile-name-mention,0.54,https://clevelandinternationalhalloffame.com/inductees/ramesh-shah/,true
ray-pianka-2018,Ray Pianka,sheila-murphy-crawford-2018,Sheila Murphy Crawford,profile-name-mention,0.54,https://clevelandinternationalhalloffame.com/inductees-europe/ray-pianka/,true
rev-mikhail-mikhail-2016,Rev. Mikhail Mikhail,august-pust-2010,August Pust,profile-name-mention,0.54,https://clevelandinternationalhalloffame.com/reverend-mikhail-mikhail-2016/,true
rev-mikhail-mikhail-2016,Rev. Mikhail Mikhail,jack-kahl-2016,Jack Kahl,profile-name-mention,0.54,https://clevelandinternationalhalloffame.com/reverend-mikhail-mikhail-2016/,true
richard-a-ganim-2015,Richard A. Ganim,pierre-bejjani-2023,Pierre Bejjani,profile-name-mention,0.54,https://clevelandinternationalhalloffame.com/richard-ganim-2015/,true
richard-fleischman-2019,Richard Fleischman,ernie-mihaly-2014,Ernie Mihaly,profile-name-mention,0.54,https://clevelandinternationalhalloffame.com/richard-fleischman/,true
samuel-h-miller-2013,Samuel H. Miller,albert-b-ratner-2011,Albert B. Ratner,profile-name-mention,0.54,https://clevelandinternationalhalloffame.com/sam-miller-2013/,true
samuel-h-miller-2013,Samuel H. Miller,nacy-panzica-2013,Nacy Panzica,profile-name-mention,0.54,https://clevelandinternationalhalloffame.com/sam-miller-2013/,true
sheila-murphy-crawford-2018,Sheila Murphy Crawford,sister-alicia-alvarado-2018,Sister Alicia Alvarado,profile-name-mention,0.54,https://clevelandinternationalhalloffame.com/inductees-europe/sheila-murphy-crawford/,true
sheila-murphy-crawford-2018,Sheila Murphy Crawford,irene-morrow-2010,Irene Morrow,profile-name-mention,0.54,https://clevelandinternationalhalloffame.com/inductees-europe/sheila-murphy-crawford/,true
sree-sreenath-2019,Sree Sreenath,ramesh-shah-2020,Ramesh Shah,profile-name-mention,0.54,https://clevelandinternationalhalloffame.com/sree-sreenath/,true
svetlana-stolyarova-2025,Svetlana Stolyarova,raj-aggarwal-2025,Raj Aggarwal,profile-name-mention,0.54,https://clevelandinternationalhalloffame.com/svetlana-stolyarova/,true
svetlana-stolyarova-2025,Svetlana Stolyarova,david-gilbert-2025,David Gilbert,profile-name-mention,0.54,https://clevelandinternationalhalloffame.com/svetlana-stolyarova/,true
svetlana-stolyarova-2025,Svetlana Stolyarova,mayor-frank-jackson-2025,Mayor Frank Jackson,profile-name-mention,0.54,https://clevelandinternationalhalloffame.com/svetlana-stolyarova/,true
svetlana-stolyarova-2025,Svetlana Stolyarova,pierre-bejjani-2023,Pierre Bejjani,profile-name-mention,0.54,https://clevelandinternationalhalloffame.com/svetlana-stolyarova/,true
svetlana-stolyarova-2025,Svetlana Stolyarova,ingrida-bublys-2019,Ingrida Bublys,profile-name-mention,0.54,https://clevelandinternationalhalloffame.com/svetlana-stolyarova/,true
svetlana-stolyarova-2025,Svetlana Stolyarova,wael-khoury-2017,Wael Khoury,profile-name-mention,0.54,https://clevelandinternationalhalloffame.com/svetlana-stolyarova/,true
taras-szmagala-2022,Taras Szmagala,andy-fedynsky-2026,Andy Fedynsky,profile-name-mention,0.54,https://clevelandinternationalhalloffame.com/taras-szmagala/,true
wael-khoury-2017,Wael Khoury,pierre-bejjani-2023,Pierre Bejjani,profile-name-mention,0.54,https://clevelandinternationalhalloffame.com/inductees-asia/wael-khoury/,true
wael-khoury-2017,Wael Khoury,sam-kim-2017,Sam Kim,profile-name-mention,0.54,https://clevelandinternationalhalloffame.com/inductees-asia/wael-khoury/,true
aklilu-demessie-2026,Aklilu Demessie,andy-fedynsky-2026,Andy Fedynsky,shared-source-page,0.34,https://clevelandinternationalhalloffame.com/2026-class-and-inductions/,true
aklilu-demessie-2026,Aklilu Demessie,catherine-jorgensen-mccutcheon-2026,Catherine Jorgensen McCutcheon,shared-source-page,0.34,https://clevelandinternationalhalloffame.com/2026-class-and-inductions/,true
aklilu-demessie-2026,Aklilu Demessie,le-nguyen-2026,Le Nguyen,shared-source-page,0.34,https://clevelandinternationalhalloffame.com/2026-class-and-inductions/,true
aklilu-demessie-2026,Aklilu Demessie,lucy-torres-2026,Lucy Torres,shared-source-page,0.34,https://clevelandinternationalhalloffame.com/2026-class-and-inductions/,true
albert-b-ratner-2011,Albert B. Ratner,lucretia-stoica-2011,Lucretia Stoica,shared-source-page,0.34,https://clevelandinternationalhalloffame.com/induction-class-2011/,true
albert-b-ratner-2011,Albert B. Ratner,luis-martinez-2011,Luis Martinez,shared-source-page,0.34,https://clevelandinternationalhalloffame.com/induction-class-2011/,true
albert-b-ratner-2011,Albert B. Ratner,gerald-m-quinn-2011,Gerald M. Quinn,shared-source-page,0.34,https://clevelandinternationalhalloffame.com/induction-class-2011/,true
albert-b-ratner-2011,Albert B. Ratner,giahoa-ryan-2011,Giahoa Ryan,shared-source-page,0.34,https://clevelandinternationalhalloffame.com/induction-class-2011/,true
albert-b-ratner-2011,Albert B. Ratner,ken-kovach-2012,Ken Kovach,shared-source-page,0.34,https://clevelandinternationalhalloffame.com/induction-class-2011/,true
alex-machaskee-2010,Alex Machaskee,basil-russo-2017,Basil Russo,shared-source-page,0.34,https://clevelandinternationalhalloffame.com/2023-induction-ceremony/,true
alex-machaskee-2010,Alex Machaskee,margaret-w-wong-2010,Margaret W. Wong,shared-source-page,0.34,https://clevelandinternationalhalloffame.com/2020-2022-induction-ceremony/,true
alex-machaskee-2010,Alex Machaskee,aklilu-demessie-2026,Aklilu Demessie,shared-source-page,0.34,https://clevelandinternationalhalloffame.com/2020-2022-induction-ceremony/,true
alex-machaskee-2010,Alex Machaskee,wael-khoury-2017,Wael Khoury,shared-source-page,0.34,https://clevelandinternationalhalloffame.com/induction-class-2012/,true
alex-machaskee-2010,Alex Machaskee,milton-maltz-2012,Milton Maltz,shared-source-page,0.34,https://clevelandinternationalhalloffame.com/induction-class-2012/,true
alex-machaskee-2010,Alex Machaskee,dr-jaya-shah-2012,Dr. Jaya Shah,shared-source-page,0.34,https://clevelandinternationalhalloffame.com/induction-class-2012/,true
alex-machaskee-2010,Alex Machaskee,ken-kovach-2012,Ken Kovach,shared-source-page,0.34,https://clevelandinternationalhalloffame.com/induction-class-2012/,true
alex-machaskee-2010,Alex Machaskee,vladimir-rus-2012,Vladimir Rus,shared-source-page,0.34,https://clevelandinternationalhalloffame.com/induction-class-2012/,true
alex-machaskee-2010,Alex Machaskee,jack-kahl-2016,Jack Kahl,shared-source-page,0.34,https://clevelandinternationalhalloffame.com/induction-class-2012/,true
alex-machaskee-2010,Alex Machaskee,dick-russ-2015,Dick Russ,shared-source-page,0.34,https://clevelandinternationalhalloffame.com/induction-class-2012/,true
alex-machaskee-2010,Alex Machaskee,irene-morrow-2010,Irene Morrow,shared-source-page,0.34,https://clevelandinternationalhalloffame.com/induction-class-2010/,true
alex-machaskee-2010,Alex Machaskee,mona-alag-2017,Mona Alag,shared-source-page,0.34,https://clevelandinternationalhalloffame.com/induction-class-2010/,true
alex-machaskee-2010,Alex Machaskee,paul-sciria-2010,Paul Sciria,shared-source-page,0.34,https://clevelandinternationalhalloffame.com/induction-class-2010/,true
alex-machaskee-2010,Alex Machaskee,margaret-w-wong-2010,Margaret W. Wong,shared-source-page,0.34,https://clevelandinternationalhalloffame.com/induction-class-2010/,true
alex-machaskee-2010,Alex Machaskee,dr-dieu-thuc-do-2010,Dr. Dieu Thuc Do,shared-source-page,0.34,https://clevelandinternationalhalloffame.com/induction-class-2010/,true
alex-machaskee-2010,Alex Machaskee,lonnie-mccauley-2010,Lonnie McCauley,shared-source-page,0.34,https://clevelandinternationalhalloffame.com/induction-class-2010/,true
alex-machaskee-2010,Alex Machaskee,august-pust-2010,August Pust,shared-source-page,0.34,https://clevelandinternationalhalloffame.com/induction-class-2010/,true
alex-machaskee-2010,Alex Machaskee,paramjit-singh-2010,Paramjit Singh,shared-source-page,0.34,https://clevelandinternationalhalloffame.com/induction-class-2010/,true
alex-machaskee-2010,Alex Machaskee,leo-weidenthal-2010,Leo Weidenthal,shared-source-page,0.34,https://clevelandinternationalhalloffame.com/induction-class-2010/,true
alex-machaskee-2010,Alex Machaskee,dick-russ-2015,Dick Russ,shared-source-page,0.34,https://clevelandinternationalhalloffame.com/induction-class-2010/,true
alex-machaskee-2010,Alex Machaskee,basil-russo-2017,Basil Russo,shared-source-page,0.34,https://clevelandinternationalhalloffame.com/2023/04/cleveland-international-hall-of-fame-press-release/,true
anda-cook-2022,Anda Cook,carl-robson-2022,Carl Robson,shared-source-page,0.34,https://clevelandinternationalhalloffame.com/2020-2022-induction-ceremony/,true
anda-cook-2022,Anda Cook,may-chen-2020,May Chen,shared-source-page,0.34,https://clevelandinternationalhalloffame.com/2020-2022-induction-ceremony/,true
anda-cook-2022,Anda Cook,victor-ruiz-2022,Victor Ruiz,shared-source-page,0.34,https://clevelandinternationalhalloffame.com/2020-2022-induction-ceremony/,true
anda-cook-2022,Anda Cook,taras-szmagala-2022,Taras Szmagala,shared-source-page,0.34,https://clevelandinternationalhalloffame.com/2020-2022-induction-ceremony/,true
anda-cook-2022,Anda Cook,margaret-lynch-2020,Margaret Lynch,shared-source-page,0.34,https://clevelandinternationalhalloffame.com/2020-2022-induction-ceremony/,true
anda-cook-2022,Anda Cook,ramesh-shah-2020,Ramesh Shah,shared-source-page,0.34,https://clevelandinternationalhalloffame.com/2020-2022-induction-ceremony/,true
anda-cook-2022,Anda Cook,berj-shakarian-2020,Berj Shakarian,shared-source-page,0.34,https://clevelandinternationalhalloffame.com/2020-2022-induction-ceremony/,true
anda-cook-2022,Anda Cook,alex-machaskee-2010,Alex Machaskee,shared-source-page,0.34,https://clevelandinternationalhalloffame.com/2020-2022-induction-ceremony/,true
anda-cook-2022,Anda Cook,margaret-w-wong-2010,Margaret W. Wong,shared-source-page,0.34,https://clevelandinternationalhalloffame.com/2020-2022-induction-ceremony/,true
anda-cook-2022,Anda Cook,aklilu-demessie-2026,Aklilu Demessie,shared-source-page,0.34,https://clevelandinternationalhalloffame.com/2020-2022-induction-ceremony/,true
andy-chakalis-2026,Andy Chakalis,aklilu-demessie-2026,Aklilu Demessie,shared-source-page,0.34,https://clevelandinternationalhalloffame.com/2026-class-and-inductions/,true
andy-chakalis-2026,Andy Chakalis,andy-fedynsky-2026,Andy Fedynsky,shared-source-page,0.34,https://clevelandinternationalhalloffame.com/2026-class-and-inductions/,true
andy-chakalis-2026,Andy Chakalis,catherine-jorgensen-mccutcheon-2026,Catherine Jorgensen McCutcheon,shared-source-page,0.34,https://clevelandinternationalhalloffame.com/2026-class-and-inductions/,true
andy-chakalis-2026,Andy Chakalis,le-nguyen-2026,Le Nguyen,shared-source-page,0.34,https://clevelandinternationalhalloffame.com/2026-class-and-inductions/,true
andy-chakalis-2026,Andy Chakalis,lucy-torres-2026,Lucy Torres,shared-source-page,0.34,https://clevelandinternationalhalloffame.com/2026-class-and-inductions/,true
andy-fedynsky-2026,Andy Fedynsky,catherine-jorgensen-mccutcheon-2026,Catherine Jorgensen McCutcheon,shared-source-page,0.34,https://clevelandinternationalhalloffame.com/2026-class-and-inductions/,true
andy-fedynsky-2026,Andy Fedynsky,le-nguyen-2026,Le Nguyen,shared-source-page,0.34,https://clevelandinternationalhalloffame.com/2026-class-and-inductions/,true
andy-fedynsky-2026,Andy Fedynsky,lucy-torres-2026,Lucy Torres,shared-source-page,0.34,https://clevelandinternationalhalloffame.com/2026-class-and-inductions/,true
atul-mehta-2018,Atul Mehta,sheila-murphy-crawford-2018,Sheila Murphy Crawford,shared-source-page,0.34,https://clevelandinternationalhalloffame.com/induction-class-2018/,true
atul-mehta-2018,Atul Mehta,sister-alicia-alvarado-2018,Sister Alicia Alvarado,shared-source-page,0.34,https://clevelandinternationalhalloffame.com/induction-class-2018/,true
atul-mehta-2018,Atul Mehta,sheila-murphy-crawford-2018,Sheila Murphy Crawford,shared-source-page,0.34,https://clevelandinternationalhalloffame.com/2018-induction/,true
atul-mehta-2018,Atul Mehta,sister-alicia-alvarado-2018,Sister Alicia Alvarado,shared-source-page,0.34,https://clevelandinternationalhalloffame.com/2018-induction/,true
august-pust-2010,August Pust,paramjit-singh-2010,Paramjit Singh,shared-source-page,0.34,https://clevelandinternationalhalloffame.com/induction-class-2010/,true
august-pust-2010,August Pust,leo-weidenthal-2010,Leo Weidenthal,shared-source-page,0.34,https://clevelandinternationalhalloffame.com/induction-class-2010/,true
august-pust-2010,August Pust,dick-russ-2015,Dick Russ,shared-source-page,0.34,https://clevelandinternationalhalloffame.com/induction-class-2010/,true
basil-russo-2017,Basil Russo,august-pust-2010,August Pust,shared-source-page,0.34,https://clevelandinternationalhalloffame.com/induction-class-2017/,true
berj-shakarian-2020,Berj Shakarian,alex-machaskee-2010,Alex Machaskee,shared-source-page,0.34,https://clevelandinternationalhalloffame.com/2020-2022-induction-ceremony/,true
berj-shakarian-2020,Berj Shakarian,margaret-w-wong-2010,Margaret W. Wong,shared-source-page,0.34,https://clevelandinternationalhalloffame.com/2020-2022-induction-ceremony/,true
berj-shakarian-2020,Berj Shakarian,aklilu-demessie-2026,Aklilu Demessie,shared-source-page,0.34,https://clevelandinternationalhalloffame.com/2020-2022-induction-ceremony/,true
beverly-kerecman-2025,Beverly Kerecman,branka-malinar-2025,Branka Malinar,shared-source-page,0.34,https://clevelandinternationalhalloffame.com/2025-induction-ceremony/,true
beverly-kerecman-2025,Beverly Kerecman,svetlana-stolyarova-2025,Svetlana Stolyarova,shared-source-page,0.34,https://clevelandinternationalhalloffame.com/2025-induction-ceremony/,true
bishop-a-edward-pevec-2013,Bishop A. Edward Pevec,nacy-panzica-2013,Nacy Panzica,shared-source-page,0.34,https://clevelandinternationalhalloffame.com/induction-class-2013/,true
bishop-anthony-pilla-2015,Bishop Anthony Pilla,dick-russ-2015,Dick Russ,shared-source-page,0.34,https://clevelandinternationalhalloffame.com/induction-class-2015/,true
bishop-anthony-pilla-2015,Bishop Anthony Pilla,dick-pogue-2015,Dick Pogue,shared-source-page,0.34,https://clevelandinternationalhalloffame.com/2015/07/cleveland-international-hall-of-fame-at-givecamp/,true
bishop-anthony-pilla-2015,Bishop Anthony Pilla,dick-russ-2015,Dick Russ,shared-source-page,0.34,https://clevelandinternationalhalloffame.com/2015/07/cleveland-international-hall-of-fame-at-givecamp/,true
bishop-anthony-pilla-2015,Bishop Anthony Pilla,honorable-jose-a-villanueva-2015,Honorable José A. Villanueva,shared-source-page,0.34,https://clevelandinternationalhalloffame.com/2015/07/cleveland-international-hall-of-fame-at-givecamp/,true
branka-malinar-2025,Branka Malinar,svetlana-stolyarova-2025,Svetlana Stolyarova,shared-source-page,0.34,https://clevelandinternationalhalloffame.com/2025-induction-ceremony/,true
carl-robson-2022,Carl Robson,may-chen-2020,May Chen,shared-source-page,0.34,https://clevelandinternationalhalloffame.com/2020-2022-induction-ceremony/,true
carl-robson-2022,Carl Robson,victor-ruiz-2022,Victor Ruiz,shared-source-page,0.34,https://clevelandinternationalhalloffame.com/2020-2022-induction-ceremony/,true
carl-robson-2022,Carl Robson,taras-szmagala-2022,Taras Szmagala,shared-source-page,0.34,https://clevelandinternationalhalloffame.com/2020-2022-induction-ceremony/,true
carl-robson-2022,Carl Robson,margaret-lynch-2020,Margaret Lynch,shared-source-page,0.34,https://clevelandinternationalhalloffame.com/2020-2022-induction-ceremony/,true
carl-robson-2022,Carl Robson,ramesh-shah-2020,Ramesh Shah,shared-source-page,0.34,https://clevelandinternationalhalloffame.com/2020-2022-induction-ceremony/,true
carl-robson-2022,Carl Robson,berj-shakarian-2020,Berj Shakarian,shared-source-page,0.34,https://clevelandinternationalhalloffame.com/2020-2022-induction-ceremony/,true
carl-robson-2022,Carl Robson,alex-machaskee-2010,Alex Machaskee,shared-source-page,0.34,https://clevelandinternationalhalloffame.com/2020-2022-induction-ceremony/,true
carl-robson-2022,Carl Robson,margaret-w-wong-2010,Margaret W. Wong,shared-source-page,0.34,https://clevelandinternationalhalloffame.com/2020-2022-induction-ceremony/,true
carl-robson-2022,Carl Robson,aklilu-demessie-2026,Aklilu Demessie,shared-source-page,0.34,https://clevelandinternationalhalloffame.com/2020-2022-induction-ceremony/,true
catherine-jorgensen-mccutcheon-2026,Catherine Jorgensen McCutcheon,le-nguyen-2026,Le Nguyen,shared-source-page,0.34,https://clevelandinternationalhalloffame.com/2026-class-and-inductions/,true
catherine-jorgensen-mccutcheon-2026,Catherine Jorgensen McCutcheon,lucy-torres-2026,Lucy Torres,shared-source-page,0.34,https://clevelandinternationalhalloffame.com/2026-class-and-inductions/,true
david-gilbert-2025,David Gilbert,beverly-kerecman-2025,Beverly Kerecman,shared-source-page,0.34,https://clevelandinternationalhalloffame.com/2025-induction-ceremony/,true
david-gilbert-2025,David Gilbert,branka-malinar-2025,Branka Malinar,shared-source-page,0.34,https://clevelandinternationalhalloffame.com/2025-induction-ceremony/,true
david-gilbert-2025,David Gilbert,svetlana-stolyarova-2025,Svetlana Stolyarova,shared-source-page,0.34,https://clevelandinternationalhalloffame.com/2025-induction-ceremony/,true
dick-pogue-2015,Dick Pogue,dick-russ-2015,Dick Russ,shared-source-page,0.34,https://clevelandinternationalhalloffame.com/2015/07/cleveland-international-hall-of-fame-at-givecamp/,true
dick-pogue-2015,Dick Pogue,honorable-jose-a-villanueva-2015,Honorable José A. Villanueva,shared-source-page,0.34,https://clevelandinternationalhalloffame.com/2015/07/cleveland-international-hall-of-fame-at-givecamp/,true
dick-russ-2015,Dick Russ,honorable-jose-a-villanueva-2015,Honorable José A. Villanueva,shared-source-page,0.34,https://clevelandinternationalhalloffame.com/2015/07/cleveland-international-hall-of-fame-at-givecamp/,true
dona-brady-2024,Dona Brady,johnny-k-wu-2024,Johnny K. Wu,shared-source-page,0.34,https://clevelandinternationalhalloffame.com/2024-inductions/,true
donna-hom-2014,Donna Hom,ernie-mihaly-2014,Ernie Mihaly,shared-source-page,0.34,https://clevelandinternationalhalloffame.com/induction-class-2014/,true
donna-hom-2014,Donna Hom,eugene-bak-2014,Eugene Bak,shared-source-page,0.34,https://clevelandinternationalhalloffame.com/induction-class-2014/,true
donna-hom-2014,Donna Hom,jim-foster-2014,Jim Foster,shared-source-page,0.34,https://clevelandinternationalhalloffame.com/induction-class-2014/,true
donna-hom-2014,Donna Hom,thomas-j-scanlon-2014,Thomas J. Scanlon,shared-source-page,0.34,https://clevelandinternationalhalloffame.com/induction-class-2014/,true
donna-hom-2014,Donna Hom,dick-pogue-2015,Dick Pogue,shared-source-page,0.34,https://clevelandinternationalhalloffame.com/induction-class-2014/,true
dr-dieu-thuc-do-2010,Dr. Dieu Thuc Do,lonnie-mccauley-2010,Lonnie McCauley,shared-source-page,0.34,https://clevelandinternationalhalloffame.com/induction-class-2010/,true
dr-dieu-thuc-do-2010,Dr. Dieu Thuc Do,august-pust-2010,August Pust,shared-source-page,0.34,https://clevelandinternationalhalloffame.com/induction-class-2010/,true
dr-dieu-thuc-do-2010,Dr. Dieu Thuc Do,paramjit-singh-2010,Paramjit Singh,shared-source-page,0.34,https://clevelandinternationalhalloffame.com/induction-class-2010/,true
dr-dieu-thuc-do-2010,Dr. Dieu Thuc Do,leo-weidenthal-2010,Leo Weidenthal,shared-source-page,0.34,https://clevelandinternationalhalloffame.com/induction-class-2010/,true
dr-dieu-thuc-do-2010,Dr. Dieu Thuc Do,dick-russ-2015,Dick Russ,shared-source-page,0.34,https://clevelandinternationalhalloffame.com/induction-class-2010/,true
dr-eugene-jordan-2024,Dr. Eugene Jordan,veronica-dahlberg-2024,Veronica Dahlberg,shared-source-page,0.34,https://clevelandinternationalhalloffame.com/2024-inductions/,true
dr-eugene-jordan-2024,Dr. Eugene Jordan,dona-brady-2024,Dona Brady,shared-source-page,0.34,https://clevelandinternationalhalloffame.com/2024-inductions/,true
dr-eugene-jordan-2024,Dr. Eugene Jordan,johnny-k-wu-2024,Johnny K. Wu,shared-source-page,0.34,https://clevelandinternationalhalloffame.com/2024-inductions/,true
dr-eugene-jordan-2024,Dr. Eugene Jordan,veronica-dahlberg-2024,Veronica Dahlberg,shared-source-page,0.34,https://clevelandinternationalhalloffame.com/induction-event-info/,true
dr-eugene-jordan-2024,Dr. Eugene Jordan,dona-brady-2024,Dona Brady,shared-source-page,0.34,https://clevelandinternationalhalloffame.com/induction-event-info/,true
dr-jaya-shah-2012,Dr. Jaya Shah,ken-kovach-2012,Ken Kovach,shared-source-page,0.34,https://clevelandinternationalhalloffame.com/induction-class-2012/,true
dr-jaya-shah-2012,Dr. Jaya Shah,vladimir-rus-2012,Vladimir Rus,shared-source-page,0.34,https://clevelandinternationalhalloffame.com/induction-class-2012/,true
dr-jaya-shah-2012,Dr. Jaya Shah,jack-kahl-2016,Jack Kahl,shared-source-page,0.34,https://clevelandinternationalhalloffame.com/induction-class-2012/,true
dr-jaya-shah-2012,Dr. Jaya Shah,dick-russ-2015,Dick Russ,shared-source-page,0.34,https://clevelandinternationalhalloffame.com/induction-class-2012/,true
dr-maria-pujana-2013,Dr. Maria Pujana,jack-kahl-2016,Jack Kahl,shared-source-page,0.34,https://clevelandinternationalhalloffame.com/induction-class-2016/,true
dr-maria-pujana-2013,Dr. Maria Pujana,rev-mikhail-mikhail-2016,Rev. Mikhail Mikhail,shared-source-page,0.34,https://clevelandinternationalhalloffame.com/induction-class-2016/,true
erika-puussaar-2024,Erika Puussaar,dr-eugene-jordan-2024,Dr. Eugene Jordan,shared-source-page,0.34,https://clevelandinternationalhalloffame.com/2024-inductions/,true
erika-puussaar-2024,Erika Puussaar,veronica-dahlberg-2024,Veronica Dahlberg,shared-source-page,0.34,https://clevelandinternationalhalloffame.com/2024-inductions/,true
erika-puussaar-2024,Erika Puussaar,dona-brady-2024,Dona Brady,shared-source-page,0.34,https://clevelandinternationalhalloffame.com/2024-inductions/,true
erika-puussaar-2024,Erika Puussaar,johnny-k-wu-2024,Johnny K. Wu,shared-source-page,0.34,https://clevelandinternationalhalloffame.com/2024-inductions/,true
erika-puussaar-2024,Erika Puussaar,dr-eugene-jordan-2024,Dr. Eugene Jordan,shared-source-page,0.34,https://clevelandinternationalhalloffame.com/induction-event-info/,true
erika-puussaar-2024,Erika Puussaar,veronica-dahlberg-2024,Veronica Dahlberg,shared-source-page,0.34,https://clevelandinternationalhalloffame.com/induction-event-info/,true
erika-puussaar-2024,Erika Puussaar,dona-brady-2024,Dona Brady,shared-source-page,0.34,https://clevelandinternationalhalloffame.com/induction-event-info/,true
ernie-mihaly-2014,Ernie Mihaly,eugene-bak-2014,Eugene Bak,shared-source-page,0.34,https://clevelandinternationalhalloffame.com/induction-class-2014/,true
ernie-mihaly-2014,Ernie Mihaly,jim-foster-2014,Jim Foster,shared-source-page,0.34,https://clevelandinternationalhalloffame.com/induction-class-2014/,true
ernie-mihaly-2014,Ernie Mihaly,thomas-j-scanlon-2014,Thomas J. Scanlon,shared-source-page,0.34,https://clevelandinternationalhalloffame.com/induction-class-2014/,true
ernie-mihaly-2014,Ernie Mihaly,dick-pogue-2015,Dick Pogue,shared-source-page,0.34,https://clevelandinternationalhalloffame.com/induction-class-2014/,true
eugene-bak-2014,Eugene Bak,jim-foster-2014,Jim Foster,shared-source-page,0.34,https://clevelandinternationalhalloffame.com/induction-class-2014/,true
eugene-bak-2014,Eugene Bak,thomas-j-scanlon-2014,Thomas J. Scanlon,shared-source-page,0.34,https://clevelandinternationalhalloffame.com/induction-class-2014/,true
eugene-bak-2014,Eugene Bak,dick-pogue-2015,Dick Pogue,shared-source-page,0.34,https://clevelandinternationalhalloffame.com/induction-class-2014/,true
georgine-welo-2023,Georgine Welo,alex-machaskee-2010,Alex Machaskee,shared-source-page,0.34,https://clevelandinternationalhalloffame.com/2023-induction-ceremony/,true
georgine-welo-2023,Georgine Welo,basil-russo-2017,Basil Russo,shared-source-page,0.34,https://clevelandinternationalhalloffame.com/2023-induction-ceremony/,true
georgine-welo-2023,Georgine Welo,alex-machaskee-2010,Alex Machaskee,shared-source-page,0.34,https://clevelandinternationalhalloffame.com/2023/04/cleveland-international-hall-of-fame-press-release/,true
georgine-welo-2023,Georgine Welo,basil-russo-2017,Basil Russo,shared-source-page,0.34,https://clevelandinternationalhalloffame.com/2023/04/cleveland-international-hall-of-fame-press-release/,true
gerald-m-quinn-2011,Gerald M. Quinn,giahoa-ryan-2011,Giahoa Ryan,shared-source-page,0.34,https://clevelandinternationalhalloffame.com/induction-class-2011/,true
gerald-m-quinn-2011,Gerald M. Quinn,ken-kovach-2012,Ken Kovach,shared-source-page,0.34,https://clevelandinternationalhalloffame.com/induction-class-2011/,true
giahoa-ryan-2011,Giahoa Ryan,ken-kovach-2012,Ken Kovach,shared-source-page,0.34,https://clevelandinternationalhalloffame.com/induction-class-2011/,true
ingrida-bublys-2019,Ingrida Bublys,mohan-bafna-2016,Mohan Bafna,shared-source-page,0.34,https://clevelandinternationalhalloffame.com/induction-class-2016/,true
ingrida-bublys-2019,Ingrida Bublys,dr-maria-pujana-2013,Dr. Maria Pujana,shared-source-page,0.34,https://clevelandinternationalhalloffame.com/induction-class-2016/,true
ingrida-bublys-2019,Ingrida Bublys,jack-kahl-2016,Jack Kahl,shared-source-page,0.34,https://clevelandinternationalhalloffame.com/induction-class-2016/,true
ingrida-bublys-2019,Ingrida Bublys,rev-mikhail-mikhail-2016,Rev. Mikhail Mikhail,shared-source-page,0.34,https://clevelandinternationalhalloffame.com/induction-class-2016/,true
ingrida-bublys-2019,Ingrida Bublys,paul-burik-2019,Paul Burik,shared-source-page,0.34,https://clevelandinternationalhalloffame.com/induction-class-2010/,true
ingrida-bublys-2019,Ingrida Bublys,alex-machaskee-2010,Alex Machaskee,shared-source-page,0.34,https://clevelandinternationalhalloffame.com/induction-class-2010/,true
ingrida-bublys-2019,Ingrida Bublys,irene-morrow-2010,Irene Morrow,shared-source-page,0.34,https://clevelandinternationalhalloffame.com/induction-class-2010/,true
ingrida-bublys-2019,Ingrida Bublys,mona-alag-2017,Mona Alag,shared-source-page,0.34,https://clevelandinternationalhalloffame.com/induction-class-2010/,true
ingrida-bublys-2019,Ingrida Bublys,paul-sciria-2010,Paul Sciria,shared-source-page,0.34,https://clevelandinternationalhalloffame.com/induction-class-2010/,true
ingrida-bublys-2019,Ingrida Bublys,margaret-w-wong-2010,Margaret W. Wong,shared-source-page,0.34,https://clevelandinternationalhalloffame.com/induction-class-2010/,true
ingrida-bublys-2019,Ingrida Bublys,dr-dieu-thuc-do-2010,Dr. Dieu Thuc Do,shared-source-page,0.34,https://clevelandinternationalhalloffame.com/induction-class-2010/,true
ingrida-bublys-2019,Ingrida Bublys,lonnie-mccauley-2010,Lonnie McCauley,shared-source-page,0.34,https://clevelandinternationalhalloffame.com/induction-class-2010/,true
ingrida-bublys-2019,Ingrida Bublys,august-pust-2010,August Pust,shared-source-page,0.34,https://clevelandinternationalhalloffame.com/induction-class-2010/,true
ingrida-bublys-2019,Ingrida Bublys,paramjit-singh-2010,Paramjit Singh,shared-source-page,0.34,https://clevelandinternationalhalloffame.com/induction-class-2010/,true
ingrida-bublys-2019,Ingrida Bublys,leo-weidenthal-2010,Leo Weidenthal,shared-source-page,0.34,https://clevelandinternationalhalloffame.com/induction-class-2010/,true
ingrida-bublys-2019,Ingrida Bublys,dick-russ-2015,Dick Russ,shared-source-page,0.34,https://clevelandinternationalhalloffame.com/induction-class-2010/,true
irene-morrow-2010,Irene Morrow,mona-alag-2017,Mona Alag,shared-source-page,0.34,https://clevelandinternationalhalloffame.com/induction-class-2010/,true
irene-morrow-2010,Irene Morrow,paul-sciria-2010,Paul Sciria,shared-source-page,0.34,https://clevelandinternationalhalloffame.com/induction-class-2010/,true
irene-morrow-2010,Irene Morrow,margaret-w-wong-2010,Margaret W. Wong,shared-source-page,0.34,https://clevelandinternationalhalloffame.com/induction-class-2010/,true
irene-morrow-2010,Irene Morrow,dr-dieu-thuc-do-2010,Dr. Dieu Thuc Do,shared-source-page,0.34,https://clevelandinternationalhalloffame.com/induction-class-2010/,true
irene-morrow-2010,Irene Morrow,lonnie-mccauley-2010,Lonnie McCauley,shared-source-page,0.34,https://clevelandinternationalhalloffame.com/induction-class-2010/,true
irene-morrow-2010,Irene Morrow,august-pust-2010,August Pust,shared-source-page,0.34,https://clevelandinternationalhalloffame.com/induction-class-2010/,true
irene-morrow-2010,Irene Morrow,paramjit-singh-2010,Paramjit Singh,shared-source-page,0.34,https://clevelandinternationalhalloffame.com/induction-class-2010/,true
irene-morrow-2010,Irene Morrow,leo-weidenthal-2010,Leo Weidenthal,shared-source-page,0.34,https://clevelandinternationalhalloffame.com/induction-class-2010/,true
irene-morrow-2010,Irene Morrow,dick-russ-2015,Dick Russ,shared-source-page,0.34,https://clevelandinternationalhalloffame.com/induction-class-2010/,true
jack-kahl-2016,Jack Kahl,rev-mikhail-mikhail-2016,Rev. Mikhail Mikhail,shared-source-page,0.34,https://clevelandinternationalhalloffame.com/induction-class-2016/,true
jack-kahl-2016,Jack Kahl,dick-russ-2015,Dick Russ,shared-source-page,0.34,https://clevelandinternationalhalloffame.com/induction-class-2012/,true
jeanette-grasselli-brown-2010,Jeanette Grasselli Brown,robert-j-haas-2010,Robert J. Haas,shared-source-page,0.34,https://clevelandinternationalhalloffame.com/induction-class-2010/,true
jeanette-grasselli-brown-2010,Jeanette Grasselli Brown,pat-dowd-2023,Pat Dowd,shared-source-page,0.34,https://clevelandinternationalhalloffame.com/induction-class-2010/,true
jeanette-grasselli-brown-2010,Jeanette Grasselli Brown,ingrida-bublys-2019,Ingrida Bublys,shared-source-page,0.34,https://clevelandinternationalhalloffame.com/induction-class-2010/,true
jeanette-grasselli-brown-2010,Jeanette Grasselli Brown,paul-burik-2019,Paul Burik,shared-source-page,0.34,https://clevelandinternationalhalloffame.com/induction-class-2010/,true
jeanette-grasselli-brown-2010,Jeanette Grasselli Brown,alex-machaskee-2010,Alex Machaskee,shared-source-page,0.34,https://clevelandinternationalhalloffame.com/induction-class-2010/,true
jeanette-grasselli-brown-2010,Jeanette Grasselli Brown,irene-morrow-2010,Irene Morrow,shared-source-page,0.34,https://clevelandinternationalhalloffame.com/induction-class-2010/,true
jeanette-grasselli-brown-2010,Jeanette Grasselli Brown,mona-alag-2017,Mona Alag,shared-source-page,0.34,https://clevelandinternationalhalloffame.com/induction-class-2010/,true
jeanette-grasselli-brown-2010,Jeanette Grasselli Brown,paul-sciria-2010,Paul Sciria,shared-source-page,0.34,https://clevelandinternationalhalloffame.com/induction-class-2010/,true
jeanette-grasselli-brown-2010,Jeanette Grasselli Brown,margaret-w-wong-2010,Margaret W. Wong,shared-source-page,0.34,https://clevelandinternationalhalloffame.com/induction-class-2010/,true
jeanette-grasselli-brown-2010,Jeanette Grasselli Brown,dr-dieu-thuc-do-2010,Dr. Dieu Thuc Do,shared-source-page,0.34,https://clevelandinternationalhalloffame.com/induction-class-2010/,true
jeanette-grasselli-brown-2010,Jeanette Grasselli Brown,lonnie-mccauley-2010,Lonnie McCauley,shared-source-page,0.34,https://clevelandinternationalhalloffame.com/induction-class-2010/,true
jeanette-grasselli-brown-2010,Jeanette Grasselli Brown,august-pust-2010,August Pust,shared-source-page,0.34,https://clevelandinternationalhalloffame.com/induction-class-2010/,true
jeanette-grasselli-brown-2010,Jeanette Grasselli Brown,paramjit-singh-2010,Paramjit Singh,shared-source-page,0.34,https://clevelandinternationalhalloffame.com/induction-class-2010/,true
jeanette-grasselli-brown-2010,Jeanette Grasselli Brown,leo-weidenthal-2010,Leo Weidenthal,shared-source-page,0.34,https://clevelandinternationalhalloffame.com/induction-class-2010/,true
jeanette-grasselli-brown-2010,Jeanette Grasselli Brown,dick-russ-2015,Dick Russ,shared-source-page,0.34,https://clevelandinternationalhalloffame.com/induction-class-2010/,true
jim-craciun-2017,Jim Craciun,wael-khoury-2017,Wael Khoury,shared-source-page,0.34,https://clevelandinternationalhalloffame.com/induction-class-2017/,true
jim-craciun-2017,Jim Craciun,basil-russo-2017,Basil Russo,shared-source-page,0.34,https://clevelandinternationalhalloffame.com/induction-class-2017/,true
jim-craciun-2017,Jim Craciun,august-pust-2010,August Pust,shared-source-page,0.34,https://clevelandinternationalhalloffame.com/induction-class-2017/,true
jim-foster-2014,Jim Foster,thomas-j-scanlon-2014,Thomas J. Scanlon,shared-source-page,0.34,https://clevelandinternationalhalloffame.com/induction-class-2014/,true
jim-foster-2014,Jim Foster,dick-pogue-2015,Dick Pogue,shared-source-page,0.34,https://clevelandinternationalhalloffame.com/induction-class-2014/,true
joe-valencic-2020,Joe Valencic,anda-cook-2022,Anda Cook,shared-source-page,0.34,https://clevelandinternationalhalloffame.com/2020-2022-induction-ceremony/,true
joe-valencic-2020,Joe Valencic,carl-robson-2022,Carl Robson,shared-source-page,0.34,https://clevelandinternationalhalloffame.com/2020-2022-induction-ceremony/,true
joe-valencic-2020,Joe Valencic,may-chen-2020,May Chen,shared-source-page,0.34,https://clevelandinternationalhalloffame.com/2020-2022-induction-ceremony/,true
joe-valencic-2020,Joe Valencic,victor-ruiz-2022,Victor Ruiz,shared-source-page,0.34,https://clevelandinternationalhalloffame.com/2020-2022-induction-ceremony/,true
joe-valencic-2020,Joe Valencic,taras-szmagala-2022,Taras Szmagala,shared-source-page,0.34,https://clevelandinternationalhalloffame.com/2020-2022-induction-ceremony/,true
joe-valencic-2020,Joe Valencic,margaret-lynch-2020,Margaret Lynch,shared-source-page,0.34,https://clevelandinternationalhalloffame.com/2020-2022-induction-ceremony/,true
joe-valencic-2020,Joe Valencic,ramesh-shah-2020,Ramesh Shah,shared-source-page,0.34,https://clevelandinternationalhalloffame.com/2020-2022-induction-ceremony/,true
joe-valencic-2020,Joe Valencic,berj-shakarian-2020,Berj Shakarian,shared-source-page,0.34,https://clevelandinternationalhalloffame.com/2020-2022-induction-ceremony/,true
joe-valencic-2020,Joe Valencic,alex-machaskee-2010,Alex Machaskee,shared-source-page,0.34,https://clevelandinternationalhalloffame.com/2020-2022-induction-ceremony/,true
joe-valencic-2020,Joe Valencic,margaret-w-wong-2010,Margaret W. Wong,shared-source-page,0.34,https://clevelandinternationalhalloffame.com/2020-2022-induction-ceremony/,true
joe-valencic-2020,Joe Valencic,aklilu-demessie-2026,Aklilu Demessie,shared-source-page,0.34,https://clevelandinternationalhalloffame.com/2020-2022-induction-ceremony/,true
joyce-mariani-2023,Joyce Mariani,sudarshan-sathe-2023,Sudarshan Sathe,shared-source-page,0.34,https://clevelandinternationalhalloffame.com/2023-induction-ceremony/,true
joyce-mariani-2023,Joyce Mariani,georgine-welo-2023,Georgine Welo,shared-source-page,0.34,https://clevelandinternationalhalloffame.com/2023-induction-ceremony/,true
joyce-mariani-2023,Joyce Mariani,alex-machaskee-2010,Alex Machaskee,shared-source-page,0.34,https://clevelandinternationalhalloffame.com/2023-induction-ceremony/,true
joyce-mariani-2023,Joyce Mariani,basil-russo-2017,Basil Russo,shared-source-page,0.34,https://clevelandinternationalhalloffame.com/2023-induction-ceremony/,true
joyce-mariani-2023,Joyce Mariani,sudarshan-sathe-2023,Sudarshan Sathe,shared-source-page,0.34,https://clevelandinternationalhalloffame.com/2023/04/cleveland-international-hall-of-fame-press-release/,true
joyce-mariani-2023,Joyce Mariani,georgine-welo-2023,Georgine Welo,shared-source-page,0.34,https://clevelandinternationalhalloffame.com/2023/04/cleveland-international-hall-of-fame-press-release/,true
joyce-mariani-2023,Joyce Mariani,alex-machaskee-2010,Alex Machaskee,shared-source-page,0.34,https://clevelandinternationalhalloffame.com/2023/04/cleveland-international-hall-of-fame-press-release/,true
joyce-mariani-2023,Joyce Mariani,basil-russo-2017,Basil Russo,shared-source-page,0.34,https://clevelandinternationalhalloffame.com/2023/04/cleveland-international-hall-of-fame-press-release/,true
ken-kovach-2012,Ken Kovach,vladimir-rus-2012,Vladimir Rus,shared-source-page,0.34,https://clevelandinternationalhalloffame.com/induction-class-2012/,true
ken-kovach-2012,Ken Kovach,jack-kahl-2016,Jack Kahl,shared-source-page,0.34,https://clevelandinternationalhalloffame.com/induction-class-2012/,true
ken-kovach-2012,Ken Kovach,dick-russ-2015,Dick Russ,shared-source-page,0.34,https://clevelandinternationalhalloffame.com/induction-class-2012/,true
le-nguyen-2026,Le Nguyen,lucy-torres-2026,Lucy Torres,shared-source-page,0.34,https://clevelandinternationalhalloffame.com/2026-class-and-inductions/,true
leo-weidenthal-2010,Leo Weidenthal,dick-russ-2015,Dick Russ,shared-source-page,0.34,https://clevelandinternationalhalloffame.com/induction-class-2010/,true
lonnie-mccauley-2010,Lonnie McCauley,august-pust-2010,August Pust,shared-source-page,0.34,https://clevelandinternationalhalloffame.com/induction-class-2010/,true
lonnie-mccauley-2010,Lonnie McCauley,paramjit-singh-2010,Paramjit Singh,shared-source-page,0.34,https://clevelandinternationalhalloffame.com/induction-class-2010/,true
lonnie-mccauley-2010,Lonnie McCauley,leo-weidenthal-2010,Leo Weidenthal,shared-source-page,0.34,https://clevelandinternationalhalloffame.com/induction-class-2010/,true
lonnie-mccauley-2010,Lonnie McCauley,dick-russ-2015,Dick Russ,shared-source-page,0.34,https://clevelandinternationalhalloffame.com/induction-class-2010/,true
lucretia-stoica-2011,Lucretia Stoica,luis-martinez-2011,Luis Martinez,shared-source-page,0.34,https://clevelandinternationalhalloffame.com/induction-class-2011/,true
lucretia-stoica-2011,Lucretia Stoica,gerald-m-quinn-2011,Gerald M. Quinn,shared-source-page,0.34,https://clevelandinternationalhalloffame.com/induction-class-2011/,true
lucretia-stoica-2011,Lucretia Stoica,giahoa-ryan-2011,Giahoa Ryan,shared-source-page,0.34,https://clevelandinternationalhalloffame.com/induction-class-2011/,true
lucretia-stoica-2011,Lucretia Stoica,ken-kovach-2012,Ken Kovach,shared-source-page,0.34,https://clevelandinternationalhalloffame.com/induction-class-2011/,true
luis-martinez-2011,Luis Martinez,gerald-m-quinn-2011,Gerald M. Quinn,shared-source-page,0.34,https://clevelandinternationalhalloffame.com/induction-class-2011/,true
luis-martinez-2011,Luis Martinez,giahoa-ryan-2011,Giahoa Ryan,shared-source-page,0.34,https://clevelandinternationalhalloffame.com/induction-class-2011/,true
luis-martinez-2011,Luis Martinez,ken-kovach-2012,Ken Kovach,shared-source-page,0.34,https://clevelandinternationalhalloffame.com/induction-class-2011/,true
margaret-callander-2014,Margaret Callander,donna-hom-2014,Donna Hom,shared-source-page,0.34,https://clevelandinternationalhalloffame.com/induction-class-2014/,true
margaret-callander-2014,Margaret Callander,ernie-mihaly-2014,Ernie Mihaly,shared-source-page,0.34,https://clevelandinternationalhalloffame.com/induction-class-2014/,true
margaret-callander-2014,Margaret Callander,eugene-bak-2014,Eugene Bak,shared-source-page,0.34,https://clevelandinternationalhalloffame.com/induction-class-2014/,true
margaret-callander-2014,Margaret Callander,jim-foster-2014,Jim Foster,shared-source-page,0.34,https://clevelandinternationalhalloffame.com/induction-class-2014/,true
margaret-callander-2014,Margaret Callander,thomas-j-scanlon-2014,Thomas J. Scanlon,shared-source-page,0.34,https://clevelandinternationalhalloffame.com/induction-class-2014/,true
margaret-callander-2014,Margaret Callander,dick-pogue-2015,Dick Pogue,shared-source-page,0.34,https://clevelandinternationalhalloffame.com/induction-class-2014/,true
margaret-lynch-2020,Margaret Lynch,ramesh-shah-2020,Ramesh Shah,shared-source-page,0.34,https://clevelandinternationalhalloffame.com/2020-2022-induction-ceremony/,true
margaret-lynch-2020,Margaret Lynch,berj-shakarian-2020,Berj Shakarian,shared-source-page,0.34,https://clevelandinternationalhalloffame.com/2020-2022-induction-ceremony/,true
margaret-lynch-2020,Margaret Lynch,alex-machaskee-2010,Alex Machaskee,shared-source-page,0.34,https://clevelandinternationalhalloffame.com/2020-2022-induction-ceremony/,true
margaret-lynch-2020,Margaret Lynch,margaret-w-wong-2010,Margaret W. Wong,shared-source-page,0.34,https://clevelandinternationalhalloffame.com/2020-2022-induction-ceremony/,true
margaret-lynch-2020,Margaret Lynch,aklilu-demessie-2026,Aklilu Demessie,shared-source-page,0.34,https://clevelandinternationalhalloffame.com/2020-2022-induction-ceremony/,true
margaret-w-wong-2010,Margaret W. Wong,aklilu-demessie-2026,Aklilu Demessie,shared-source-page,0.34,https://clevelandinternationalhalloffame.com/2020-2022-induction-ceremony/,true
margaret-w-wong-2010,Margaret W. Wong,dr-dieu-thuc-do-2010,Dr. Dieu Thuc Do,shared-source-page,0.34,https://clevelandinternationalhalloffame.com/induction-class-2010/,true
margaret-w-wong-2010,Margaret W. Wong,lonnie-mccauley-2010,Lonnie McCauley,shared-source-page,0.34,https://clevelandinternationalhalloffame.com/induction-class-2010/,true
margaret-w-wong-2010,Margaret W. Wong,august-pust-2010,August Pust,shared-source-page,0.34,https://clevelandinternationalhalloffame.com/induction-class-2010/,true
margaret-w-wong-2010,Margaret W. Wong,paramjit-singh-2010,Paramjit Singh,shared-source-page,0.34,https://clevelandinternationalhalloffame.com/induction-class-2010/,true
margaret-w-wong-2010,Margaret W. Wong,leo-weidenthal-2010,Leo Weidenthal,shared-source-page,0.34,https://clevelandinternationalhalloffame.com/induction-class-2010/,true
margaret-w-wong-2010,Margaret W. Wong,dick-russ-2015,Dick Russ,shared-source-page,0.34,https://clevelandinternationalhalloffame.com/induction-class-2010/,true
may-chen-2020,May Chen,victor-ruiz-2022,Victor Ruiz,shared-source-page,0.34,https://clevelandinternationalhalloffame.com/2020-2022-induction-ceremony/,true
may-chen-2020,May Chen,taras-szmagala-2022,Taras Szmagala,shared-source-page,0.34,https://clevelandinternationalhalloffame.com/2020-2022-induction-ceremony/,true
may-chen-2020,May Chen,margaret-lynch-2020,Margaret Lynch,shared-source-page,0.34,https://clevelandinternationalhalloffame.com/2020-2022-induction-ceremony/,true
may-chen-2020,May Chen,ramesh-shah-2020,Ramesh Shah,shared-source-page,0.34,https://clevelandinternationalhalloffame.com/2020-2022-induction-ceremony/,true
may-chen-2020,May Chen,berj-shakarian-2020,Berj Shakarian,shared-source-page,0.34,https://clevelandinternationalhalloffame.com/2020-2022-induction-ceremony/,true
may-chen-2020,May Chen,alex-machaskee-2010,Alex Machaskee,shared-source-page,0.34,https://clevelandinternationalhalloffame.com/2020-2022-induction-ceremony/,true
may-chen-2020,May Chen,margaret-w-wong-2010,Margaret W. Wong,shared-source-page,0.34,https://clevelandinternationalhalloffame.com/2020-2022-induction-ceremony/,true
may-chen-2020,May Chen,aklilu-demessie-2026,Aklilu Demessie,shared-source-page,0.34,https://clevelandinternationalhalloffame.com/2020-2022-induction-ceremony/,true
milton-maltz-2012,Milton Maltz,dr-jaya-shah-2012,Dr. Jaya Shah,shared-source-page,0.34,https://clevelandinternationalhalloffame.com/induction-class-2012/,true
milton-maltz-2012,Milton Maltz,ken-kovach-2012,Ken Kovach,shared-source-page,0.34,https://clevelandinternationalhalloffame.com/induction-class-2012/,true
milton-maltz-2012,Milton Maltz,vladimir-rus-2012,Vladimir Rus,shared-source-page,0.34,https://clevelandinternationalhalloffame.com/induction-class-2012/,true
milton-maltz-2012,Milton Maltz,jack-kahl-2016,Jack Kahl,shared-source-page,0.34,https://clevelandinternationalhalloffame.com/induction-class-2012/,true
milton-maltz-2012,Milton Maltz,dick-russ-2015,Dick Russ,shared-source-page,0.34,https://clevelandinternationalhalloffame.com/induction-class-2012/,true
mohan-bafna-2016,Mohan Bafna,dr-maria-pujana-2013,Dr. Maria Pujana,shared-source-page,0.34,https://clevelandinternationalhalloffame.com/induction-class-2016/,true
mohan-bafna-2016,Mohan Bafna,jack-kahl-2016,Jack Kahl,shared-source-page,0.34,https://clevelandinternationalhalloffame.com/induction-class-2016/,true
mohan-bafna-2016,Mohan Bafna,rev-mikhail-mikhail-2016,Rev. Mikhail Mikhail,shared-source-page,0.34,https://clevelandinternationalhalloffame.com/induction-class-2016/,true
mona-alag-2017,Mona Alag,jim-craciun-2017,Jim Craciun,shared-source-page,0.34,https://clevelandinternationalhalloffame.com/induction-class-2017/,true
mona-alag-2017,Mona Alag,wael-khoury-2017,Wael Khoury,shared-source-page,0.34,https://clevelandinternationalhalloffame.com/induction-class-2017/,true
mona-alag-2017,Mona Alag,basil-russo-2017,Basil Russo,shared-source-page,0.34,https://clevelandinternationalhalloffame.com/induction-class-2017/,true
mona-alag-2017,Mona Alag,august-pust-2010,August Pust,shared-source-page,0.34,https://clevelandinternationalhalloffame.com/induction-class-2017/,true
mona-alag-2017,Mona Alag,paul-sciria-2010,Paul Sciria,shared-source-page,0.34,https://clevelandinternationalhalloffame.com/induction-class-2010/,true
mona-alag-2017,Mona Alag,margaret-w-wong-2010,Margaret W. Wong,shared-source-page,0.34,https://clevelandinternationalhalloffame.com/induction-class-2010/,true
mona-alag-2017,Mona Alag,dr-dieu-thuc-do-2010,Dr. Dieu Thuc Do,shared-source-page,0.34,https://clevelandinternationalhalloffame.com/induction-class-2010/,true
mona-alag-2017,Mona Alag,lonnie-mccauley-2010,Lonnie McCauley,shared-source-page,0.34,https://clevelandinternationalhalloffame.com/induction-class-2010/,true
mona-alag-2017,Mona Alag,august-pust-2010,August Pust,shared-source-page,0.34,https://clevelandinternationalhalloffame.com/induction-class-2010/,true
mona-alag-2017,Mona Alag,paramjit-singh-2010,Paramjit Singh,shared-source-page,0.34,https://clevelandinternationalhalloffame.com/induction-class-2010/,true
mona-alag-2017,Mona Alag,leo-weidenthal-2010,Leo Weidenthal,shared-source-page,0.34,https://clevelandinternationalhalloffame.com/induction-class-2010/,true
mona-alag-2017,Mona Alag,dick-russ-2015,Dick Russ,shared-source-page,0.34,https://clevelandinternationalhalloffame.com/induction-class-2010/,true
monte-ahuja-2014,Monte Ahuja,margaret-callander-2014,Margaret Callander,shared-source-page,0.34,https://clevelandinternationalhalloffame.com/induction-class-2014/,true
monte-ahuja-2014,Monte Ahuja,donna-hom-2014,Donna Hom,shared-source-page,0.34,https://clevelandinternationalhalloffame.com/induction-class-2014/,true
monte-ahuja-2014,Monte Ahuja,ernie-mihaly-2014,Ernie Mihaly,shared-source-page,0.34,https://clevelandinternationalhalloffame.com/induction-class-2014/,true
monte-ahuja-2014,Monte Ahuja,eugene-bak-2014,Eugene Bak,shared-source-page,0.34,https://clevelandinternationalhalloffame.com/induction-class-2014/,true
monte-ahuja-2014,Monte Ahuja,jim-foster-2014,Jim Foster,shared-source-page,0.34,https://clevelandinternationalhalloffame.com/induction-class-2014/,true
monte-ahuja-2014,Monte Ahuja,thomas-j-scanlon-2014,Thomas J. Scanlon,shared-source-page,0.34,https://clevelandinternationalhalloffame.com/induction-class-2014/,true
monte-ahuja-2014,Monte Ahuja,dick-pogue-2015,Dick Pogue,shared-source-page,0.34,https://clevelandinternationalhalloffame.com/induction-class-2014/,true
paramjit-singh-2010,Paramjit Singh,leo-weidenthal-2010,Leo Weidenthal,shared-source-page,0.34,https://clevelandinternationalhalloffame.com/induction-class-2010/,true
paramjit-singh-2010,Paramjit Singh,dick-russ-2015,Dick Russ,shared-source-page,0.34,https://clevelandinternationalhalloffame.com/induction-class-2010/,true
pat-dowd-2023,Pat Dowd,ingrida-bublys-2019,Ingrida Bublys,shared-source-page,0.34,https://clevelandinternationalhalloffame.com/induction-class-2010/,true
pat-dowd-2023,Pat Dowd,paul-burik-2019,Paul Burik,shared-source-page,0.34,https://clevelandinternationalhalloffame.com/induction-class-2010/,true
pat-dowd-2023,Pat Dowd,alex-machaskee-2010,Alex Machaskee,shared-source-page,0.34,https://clevelandinternationalhalloffame.com/induction-class-2010/,true
pat-dowd-2023,Pat Dowd,irene-morrow-2010,Irene Morrow,shared-source-page,0.34,https://clevelandinternationalhalloffame.com/induction-class-2010/,true
pat-dowd-2023,Pat Dowd,mona-alag-2017,Mona Alag,shared-source-page,0.34,https://clevelandinternationalhalloffame.com/induction-class-2010/,true
pat-dowd-2023,Pat Dowd,paul-sciria-2010,Paul Sciria,shared-source-page,0.34,https://clevelandinternationalhalloffame.com/induction-class-2010/,true
pat-dowd-2023,Pat Dowd,margaret-w-wong-2010,Margaret W. Wong,shared-source-page,0.34,https://clevelandinternationalhalloffame.com/induction-class-2010/,true
pat-dowd-2023,Pat Dowd,dr-dieu-thuc-do-2010,Dr. Dieu Thuc Do,shared-source-page,0.34,https://clevelandinternationalhalloffame.com/induction-class-2010/,true
pat-dowd-2023,Pat Dowd,lonnie-mccauley-2010,Lonnie McCauley,shared-source-page,0.34,https://clevelandinternationalhalloffame.com/induction-class-2010/,true
pat-dowd-2023,Pat Dowd,august-pust-2010,August Pust,shared-source-page,0.34,https://clevelandinternationalhalloffame.com/induction-class-2010/,true
pat-dowd-2023,Pat Dowd,paramjit-singh-2010,Paramjit Singh,shared-source-page,0.34,https://clevelandinternationalhalloffame.com/induction-class-2010/,true
pat-dowd-2023,Pat Dowd,leo-weidenthal-2010,Leo Weidenthal,shared-source-page,0.34,https://clevelandinternationalhalloffame.com/induction-class-2010/,true
pat-dowd-2023,Pat Dowd,dick-russ-2015,Dick Russ,shared-source-page,0.34,https://clevelandinternationalhalloffame.com/induction-class-2010/,true
paul-burik-2019,Paul Burik,valarie-mccall-2020,Valarie McCall,shared-source-page,0.34,https://clevelandinternationalhalloffame.com/2020-2022-induction-ceremony/,true
paul-burik-2019,Paul Burik,joe-valencic-2020,Joe Valencic,shared-source-page,0.34,https://clevelandinternationalhalloffame.com/2020-2022-induction-ceremony/,true
paul-burik-2019,Paul Burik,anda-cook-2022,Anda Cook,shared-source-page,0.34,https://clevelandinternationalhalloffame.com/2020-2022-induction-ceremony/,true
paul-burik-2019,Paul Burik,carl-robson-2022,Carl Robson,shared-source-page,0.34,https://clevelandinternationalhalloffame.com/2020-2022-induction-ceremony/,true
paul-burik-2019,Paul Burik,may-chen-2020,May Chen,shared-source-page,0.34,https://clevelandinternationalhalloffame.com/2020-2022-induction-ceremony/,true
paul-burik-2019,Paul Burik,victor-ruiz-2022,Victor Ruiz,shared-source-page,0.34,https://clevelandinternationalhalloffame.com/2020-2022-induction-ceremony/,true
paul-burik-2019,Paul Burik,taras-szmagala-2022,Taras Szmagala,shared-source-page,0.34,https://clevelandinternationalhalloffame.com/2020-2022-induction-ceremony/,true
paul-burik-2019,Paul Burik,margaret-lynch-2020,Margaret Lynch,shared-source-page,0.34,https://clevelandinternationalhalloffame.com/2020-2022-induction-ceremony/,true
paul-burik-2019,Paul Burik,ramesh-shah-2020,Ramesh Shah,shared-source-page,0.34,https://clevelandinternationalhalloffame.com/2020-2022-induction-ceremony/,true
paul-burik-2019,Paul Burik,berj-shakarian-2020,Berj Shakarian,shared-source-page,0.34,https://clevelandinternationalhalloffame.com/2020-2022-induction-ceremony/,true
paul-burik-2019,Paul Burik,alex-machaskee-2010,Alex Machaskee,shared-source-page,0.34,https://clevelandinternationalhalloffame.com/2020-2022-induction-ceremony/,true
paul-burik-2019,Paul Burik,margaret-w-wong-2010,Margaret W. Wong,shared-source-page,0.34,https://clevelandinternationalhalloffame.com/2020-2022-induction-ceremony/,true
paul-burik-2019,Paul Burik,aklilu-demessie-2026,Aklilu Demessie,shared-source-page,0.34,https://clevelandinternationalhalloffame.com/2020-2022-induction-ceremony/,true
paul-burik-2019,Paul Burik,alex-machaskee-2010,Alex Machaskee,shared-source-page,0.34,https://clevelandinternationalhalloffame.com/induction-class-2010/,true
paul-burik-2019,Paul Burik,irene-morrow-2010,Irene Morrow,shared-source-page,0.34,https://clevelandinternationalhalloffame.com/induction-class-2010/,true
paul-burik-2019,Paul Burik,mona-alag-2017,Mona Alag,shared-source-page,0.34,https://clevelandinternationalhalloffame.com/induction-class-2010/,true
paul-burik-2019,Paul Burik,paul-sciria-2010,Paul Sciria,shared-source-page,0.34,https://clevelandinternationalhalloffame.com/induction-class-2010/,true
paul-burik-2019,Paul Burik,margaret-w-wong-2010,Margaret W. Wong,shared-source-page,0.34,https://clevelandinternationalhalloffame.com/induction-class-2010/,true
paul-burik-2019,Paul Burik,dr-dieu-thuc-do-2010,Dr. Dieu Thuc Do,shared-source-page,0.34,https://clevelandinternationalhalloffame.com/induction-class-2010/,true
paul-burik-2019,Paul Burik,lonnie-mccauley-2010,Lonnie McCauley,shared-source-page,0.34,https://clevelandinternationalhalloffame.com/induction-class-2010/,true
paul-burik-2019,Paul Burik,august-pust-2010,August Pust,shared-source-page,0.34,https://clevelandinternationalhalloffame.com/induction-class-2010/,true
paul-burik-2019,Paul Burik,paramjit-singh-2010,Paramjit Singh,shared-source-page,0.34,https://clevelandinternationalhalloffame.com/induction-class-2010/,true
paul-burik-2019,Paul Burik,leo-weidenthal-2010,Leo Weidenthal,shared-source-page,0.34,https://clevelandinternationalhalloffame.com/induction-class-2010/,true
paul-burik-2019,Paul Burik,dick-russ-2015,Dick Russ,shared-source-page,0.34,https://clevelandinternationalhalloffame.com/induction-class-2010/,true
paul-sciria-2010,Paul Sciria,margaret-w-wong-2010,Margaret W. Wong,shared-source-page,0.34,https://clevelandinternationalhalloffame.com/induction-class-2010/,true
paul-sciria-2010,Paul Sciria,dr-dieu-thuc-do-2010,Dr. Dieu Thuc Do,shared-source-page,0.34,https://clevelandinternationalhalloffame.com/induction-class-2010/,true
paul-sciria-2010,Paul Sciria,lonnie-mccauley-2010,Lonnie McCauley,shared-source-page,0.34,https://clevelandinternationalhalloffame.com/induction-class-2010/,true
paul-sciria-2010,Paul Sciria,august-pust-2010,August Pust,shared-source-page,0.34,https://clevelandinternationalhalloffame.com/induction-class-2010/,true
paul-sciria-2010,Paul Sciria,paramjit-singh-2010,Paramjit Singh,shared-source-page,0.34,https://clevelandinternationalhalloffame.com/induction-class-2010/,true
paul-sciria-2010,Paul Sciria,leo-weidenthal-2010,Leo Weidenthal,shared-source-page,0.34,https://clevelandinternationalhalloffame.com/induction-class-2010/,true
paul-sciria-2010,Paul Sciria,dick-russ-2015,Dick Russ,shared-source-page,0.34,https://clevelandinternationalhalloffame.com/induction-class-2010/,true
pierre-bejjani-2023,Pierre Bejjani,joyce-mariani-2023,Joyce Mariani,shared-source-page,0.34,https://clevelandinternationalhalloffame.com/2023-induction-ceremony/,true
pierre-bejjani-2023,Pierre Bejjani,sudarshan-sathe-2023,Sudarshan Sathe,shared-source-page,0.34,https://clevelandinternationalhalloffame.com/2023-induction-ceremony/,true
pierre-bejjani-2023,Pierre Bejjani,georgine-welo-2023,Georgine Welo,shared-source-page,0.34,https://clevelandinternationalhalloffame.com/2023-induction-ceremony/,true
pierre-bejjani-2023,Pierre Bejjani,alex-machaskee-2010,Alex Machaskee,shared-source-page,0.34,https://clevelandinternationalhalloffame.com/2023-induction-ceremony/,true
pierre-bejjani-2023,Pierre Bejjani,basil-russo-2017,Basil Russo,shared-source-page,0.34,https://clevelandinternationalhalloffame.com/2023-induction-ceremony/,true
pierre-bejjani-2023,Pierre Bejjani,ray-pianka-2018,Ray Pianka,shared-source-page,0.34,https://clevelandinternationalhalloffame.com/induction-class-2018/,true
pierre-bejjani-2023,Pierre Bejjani,atul-mehta-2018,Atul Mehta,shared-source-page,0.34,https://clevelandinternationalhalloffame.com/induction-class-2018/,true
pierre-bejjani-2023,Pierre Bejjani,sheila-murphy-crawford-2018,Sheila Murphy Crawford,shared-source-page,0.34,https://clevelandinternationalhalloffame.com/induction-class-2018/,true
pierre-bejjani-2023,Pierre Bejjani,sister-alicia-alvarado-2018,Sister Alicia Alvarado,shared-source-page,0.34,https://clevelandinternationalhalloffame.com/induction-class-2018/,true
pierre-bejjani-2023,Pierre Bejjani,shiv-k-aggarwal-2015,Shiv K. Aggarwal,shared-source-page,0.34,https://clevelandinternationalhalloffame.com/induction-class-2015/,true
pierre-bejjani-2023,Pierre Bejjani,richard-a-ganim-2015,Richard A. Ganim,shared-source-page,0.34,https://clevelandinternationalhalloffame.com/induction-class-2015/,true
pierre-bejjani-2023,Pierre Bejjani,steve-mulloy-2015,Steve Mulloy,shared-source-page,0.34,https://clevelandinternationalhalloffame.com/induction-class-2015/,true
pierre-bejjani-2023,Pierre Bejjani,bishop-anthony-pilla-2015,Bishop Anthony Pilla,shared-source-page,0.34,https://clevelandinternationalhalloffame.com/induction-class-2015/,true
pierre-bejjani-2023,Pierre Bejjani,dick-russ-2015,Dick Russ,shared-source-page,0.34,https://clevelandinternationalhalloffame.com/induction-class-2015/,true
pierre-bejjani-2023,Pierre Bejjani,joyce-mariani-2023,Joyce Mariani,shared-source-page,0.34,https://clevelandinternationalhalloffame.com/2023/04/cleveland-international-hall-of-fame-press-release/,true
pierre-bejjani-2023,Pierre Bejjani,sudarshan-sathe-2023,Sudarshan Sathe,shared-source-page,0.34,https://clevelandinternationalhalloffame.com/2023/04/cleveland-international-hall-of-fame-press-release/,true
pierre-bejjani-2023,Pierre Bejjani,georgine-welo-2023,Georgine Welo,shared-source-page,0.34,https://clevelandinternationalhalloffame.com/2023/04/cleveland-international-hall-of-fame-press-release/,true
pierre-bejjani-2023,Pierre Bejjani,alex-machaskee-2010,Alex Machaskee,shared-source-page,0.34,https://clevelandinternationalhalloffame.com/2023/04/cleveland-international-hall-of-fame-press-release/,true
pierre-bejjani-2023,Pierre Bejjani,basil-russo-2017,Basil Russo,shared-source-page,0.34,https://clevelandinternationalhalloffame.com/2023/04/cleveland-international-hall-of-fame-press-release/,true
raj-aggarwal-2025,Raj Aggarwal,david-gilbert-2025,David Gilbert,shared-source-page,0.34,https://clevelandinternationalhalloffame.com/2025-induction-ceremony/,true
raj-aggarwal-2025,Raj Aggarwal,beverly-kerecman-2025,Beverly Kerecman,shared-source-page,0.34,https://clevelandinternationalhalloffame.com/2025-induction-ceremony/,true
raj-aggarwal-2025,Raj Aggarwal,branka-malinar-2025,Branka Malinar,shared-source-page,0.34,https://clevelandinternationalhalloffame.com/2025-induction-ceremony/,true
raj-aggarwal-2025,Raj Aggarwal,svetlana-stolyarova-2025,Svetlana Stolyarova,shared-source-page,0.34,https://clevelandinternationalhalloffame.com/2025-induction-ceremony/,true
ramesh-shah-2020,Ramesh Shah,berj-shakarian-2020,Berj Shakarian,shared-source-page,0.34,https://clevelandinternationalhalloffame.com/2020-2022-induction-ceremony/,true
ramesh-shah-2020,Ramesh Shah,alex-machaskee-2010,Alex Machaskee,shared-source-page,0.34,https://clevelandinternationalhalloffame.com/2020-2022-induction-ceremony/,true
ramesh-shah-2020,Ramesh Shah,margaret-w-wong-2010,Margaret W. Wong,shared-source-page,0.34,https://clevelandinternationalhalloffame.com/2020-2022-induction-ceremony/,true
ramesh-shah-2020,Ramesh Shah,aklilu-demessie-2026,Aklilu Demessie,shared-source-page,0.34,https://clevelandinternationalhalloffame.com/2020-2022-induction-ceremony/,true
ray-pianka-2018,Ray Pianka,atul-mehta-2018,Atul Mehta,shared-source-page,0.34,https://clevelandinternationalhalloffame.com/induction-class-2018/,true
ray-pianka-2018,Ray Pianka,sheila-murphy-crawford-2018,Sheila Murphy Crawford,shared-source-page,0.34,https://clevelandinternationalhalloffame.com/induction-class-2018/,true
ray-pianka-2018,Ray Pianka,sister-alicia-alvarado-2018,Sister Alicia Alvarado,shared-source-page,0.34,https://clevelandinternationalhalloffame.com/induction-class-2018/,true
ray-pianka-2018,Ray Pianka,atul-mehta-2018,Atul Mehta,shared-source-page,0.34,https://clevelandinternationalhalloffame.com/2018-induction/,true
ray-pianka-2018,Ray Pianka,sheila-murphy-crawford-2018,Sheila Murphy Crawford,shared-source-page,0.34,https://clevelandinternationalhalloffame.com/2018-induction/,true
ray-pianka-2018,Ray Pianka,sister-alicia-alvarado-2018,Sister Alicia Alvarado,shared-source-page,0.34,https://clevelandinternationalhalloffame.com/2018-induction/,true
richard-a-ganim-2015,Richard A. Ganim,steve-mulloy-2015,Steve Mulloy,shared-source-page,0.34,https://clevelandinternationalhalloffame.com/induction-class-2015/,true
richard-a-ganim-2015,Richard A. Ganim,bishop-anthony-pilla-2015,Bishop Anthony Pilla,shared-source-page,0.34,https://clevelandinternationalhalloffame.com/induction-class-2015/,true
richard-a-ganim-2015,Richard A. Ganim,dick-russ-2015,Dick Russ,shared-source-page,0.34,https://clevelandinternationalhalloffame.com/induction-class-2015/,true
richard-fleischman-2019,Richard Fleischman,monte-ahuja-2014,Monte Ahuja,shared-source-page,0.34,https://clevelandinternationalhalloffame.com/induction-class-2014/,true
richard-fleischman-2019,Richard Fleischman,margaret-callander-2014,Margaret Callander,shared-source-page,0.34,https://clevelandinternationalhalloffame.com/induction-class-2014/,true
richard-fleischman-2019,Richard Fleischman,donna-hom-2014,Donna Hom,shared-source-page,0.34,https://clevelandinternationalhalloffame.com/induction-class-2014/,true
richard-fleischman-2019,Richard Fleischman,ernie-mihaly-2014,Ernie Mihaly,shared-source-page,0.34,https://clevelandinternationalhalloffame.com/induction-class-2014/,true
richard-fleischman-2019,Richard Fleischman,eugene-bak-2014,Eugene Bak,shared-source-page,0.34,https://clevelandinternationalhalloffame.com/induction-class-2014/,true
richard-fleischman-2019,Richard Fleischman,jim-foster-2014,Jim Foster,shared-source-page,0.34,https://clevelandinternationalhalloffame.com/induction-class-2014/,true
richard-fleischman-2019,Richard Fleischman,thomas-j-scanlon-2014,Thomas J. Scanlon,shared-source-page,0.34,https://clevelandinternationalhalloffame.com/induction-class-2014/,true
richard-fleischman-2019,Richard Fleischman,dick-pogue-2015,Dick Pogue,shared-source-page,0.34,https://clevelandinternationalhalloffame.com/induction-class-2014/,true
robert-j-haas-2010,Robert J. Haas,pat-dowd-2023,Pat Dowd,shared-source-page,0.34,https://clevelandinternationalhalloffame.com/induction-class-2010/,true
robert-j-haas-2010,Robert J. Haas,ingrida-bublys-2019,Ingrida Bublys,shared-source-page,0.34,https://clevelandinternationalhalloffame.com/induction-class-2010/,true
robert-j-haas-2010,Robert J. Haas,paul-burik-2019,Paul Burik,shared-source-page,0.34,https://clevelandinternationalhalloffame.com/induction-class-2010/,true
robert-j-haas-2010,Robert J. Haas,alex-machaskee-2010,Alex Machaskee,shared-source-page,0.34,https://clevelandinternationalhalloffame.com/induction-class-2010/,true
robert-j-haas-2010,Robert J. Haas,irene-morrow-2010,Irene Morrow,shared-source-page,0.34,https://clevelandinternationalhalloffame.com/induction-class-2010/,true
robert-j-haas-2010,Robert J. Haas,mona-alag-2017,Mona Alag,shared-source-page,0.34,https://clevelandinternationalhalloffame.com/induction-class-2010/,true
robert-j-haas-2010,Robert J. Haas,paul-sciria-2010,Paul Sciria,shared-source-page,0.34,https://clevelandinternationalhalloffame.com/induction-class-2010/,true
robert-j-haas-2010,Robert J. Haas,margaret-w-wong-2010,Margaret W. Wong,shared-source-page,0.34,https://clevelandinternationalhalloffame.com/induction-class-2010/,true
robert-j-haas-2010,Robert J. Haas,dr-dieu-thuc-do-2010,Dr. Dieu Thuc Do,shared-source-page,0.34,https://clevelandinternationalhalloffame.com/induction-class-2010/,true
robert-j-haas-2010,Robert J. Haas,lonnie-mccauley-2010,Lonnie McCauley,shared-source-page,0.34,https://clevelandinternationalhalloffame.com/induction-class-2010/,true
robert-j-haas-2010,Robert J. Haas,august-pust-2010,August Pust,shared-source-page,0.34,https://clevelandinternationalhalloffame.com/induction-class-2010/,true
robert-j-haas-2010,Robert J. Haas,paramjit-singh-2010,Paramjit Singh,shared-source-page,0.34,https://clevelandinternationalhalloffame.com/induction-class-2010/,true
robert-j-haas-2010,Robert J. Haas,leo-weidenthal-2010,Leo Weidenthal,shared-source-page,0.34,https://clevelandinternationalhalloffame.com/induction-class-2010/,true
robert-j-haas-2010,Robert J. Haas,dick-russ-2015,Dick Russ,shared-source-page,0.34,https://clevelandinternationalhalloffame.com/induction-class-2010/,true
sheila-murphy-crawford-2018,Sheila Murphy Crawford,sister-alicia-alvarado-2018,Sister Alicia Alvarado,shared-source-page,0.34,https://clevelandinternationalhalloffame.com/induction-class-2018/,true
sheila-murphy-crawford-2018,Sheila Murphy Crawford,sister-alicia-alvarado-2018,Sister Alicia Alvarado,shared-source-page,0.34,https://clevelandinternationalhalloffame.com/2018-induction/,true
shiv-k-aggarwal-2015,Shiv K. Aggarwal,richard-a-ganim-2015,Richard A. Ganim,shared-source-page,0.34,https://clevelandinternationalhalloffame.com/induction-class-2015/,true
shiv-k-aggarwal-2015,Shiv K. Aggarwal,steve-mulloy-2015,Steve Mulloy,shared-source-page,0.34,https://clevelandinternationalhalloffame.com/induction-class-2015/,true
shiv-k-aggarwal-2015,Shiv K. Aggarwal,bishop-anthony-pilla-2015,Bishop Anthony Pilla,shared-source-page,0.34,https://clevelandinternationalhalloffame.com/induction-class-2015/,true
shiv-k-aggarwal-2015,Shiv K. Aggarwal,dick-russ-2015,Dick Russ,shared-source-page,0.34,https://clevelandinternationalhalloffame.com/induction-class-2015/,true
steve-mulloy-2015,Steve Mulloy,bishop-anthony-pilla-2015,Bishop Anthony Pilla,shared-source-page,0.34,https://clevelandinternationalhalloffame.com/induction-class-2015/,true
steve-mulloy-2015,Steve Mulloy,dick-russ-2015,Dick Russ,shared-source-page,0.34,https://clevelandinternationalhalloffame.com/induction-class-2015/,true
steve-mulloy-2015,Steve Mulloy,bishop-anthony-pilla-2015,Bishop Anthony Pilla,shared-source-page,0.34,https://clevelandinternationalhalloffame.com/2015/07/cleveland-international-hall-of-fame-at-givecamp/,true
steve-mulloy-2015,Steve Mulloy,dick-pogue-2015,Dick Pogue,shared-source-page,0.34,https://clevelandinternationalhalloffame.com/2015/07/cleveland-international-hall-of-fame-at-givecamp/,true
steve-mulloy-2015,Steve Mulloy,dick-russ-2015,Dick Russ,shared-source-page,0.34,https://clevelandinternationalhalloffame.com/2015/07/cleveland-international-hall-of-fame-at-givecamp/,true
steve-mulloy-2015,Steve Mulloy,honorable-jose-a-villanueva-2015,Honorable José A. Villanueva,shared-source-page,0.34,https://clevelandinternationalhalloffame.com/2015/07/cleveland-international-hall-of-fame-at-givecamp/,true
sudarshan-sathe-2023,Sudarshan Sathe,georgine-welo-2023,Georgine Welo,shared-source-page,0.34,https://clevelandinternationalhalloffame.com/2023-induction-ceremony/,true
sudarshan-sathe-2023,Sudarshan Sathe,alex-machaskee-2010,Alex Machaskee,shared-source-page,0.34,https://clevelandinternationalhalloffame.com/2023-induction-ceremony/,true
sudarshan-sathe-2023,Sudarshan Sathe,basil-russo-2017,Basil Russo,shared-source-page,0.34,https://clevelandinternationalhalloffame.com/2023-induction-ceremony/,true
sudarshan-sathe-2023,Sudarshan Sathe,paul-burik-2019,Paul Burik,shared-source-page,0.34,https://clevelandinternationalhalloffame.com/2020-2022-induction-ceremony/,true
sudarshan-sathe-2023,Sudarshan Sathe,valarie-mccall-2020,Valarie McCall,shared-source-page,0.34,https://clevelandinternationalhalloffame.com/2020-2022-induction-ceremony/,true
sudarshan-sathe-2023,Sudarshan Sathe,joe-valencic-2020,Joe Valencic,shared-source-page,0.34,https://clevelandinternationalhalloffame.com/2020-2022-induction-ceremony/,true
sudarshan-sathe-2023,Sudarshan Sathe,anda-cook-2022,Anda Cook,shared-source-page,0.34,https://clevelandinternationalhalloffame.com/2020-2022-induction-ceremony/,true
sudarshan-sathe-2023,Sudarshan Sathe,carl-robson-2022,Carl Robson,shared-source-page,0.34,https://clevelandinternationalhalloffame.com/2020-2022-induction-ceremony/,true
sudarshan-sathe-2023,Sudarshan Sathe,may-chen-2020,May Chen,shared-source-page,0.34,https://clevelandinternationalhalloffame.com/2020-2022-induction-ceremony/,true
sudarshan-sathe-2023,Sudarshan Sathe,victor-ruiz-2022,Victor Ruiz,shared-source-page,0.34,https://clevelandinternationalhalloffame.com/2020-2022-induction-ceremony/,true
sudarshan-sathe-2023,Sudarshan Sathe,taras-szmagala-2022,Taras Szmagala,shared-source-page,0.34,https://clevelandinternationalhalloffame.com/2020-2022-induction-ceremony/,true
sudarshan-sathe-2023,Sudarshan Sathe,margaret-lynch-2020,Margaret Lynch,shared-source-page,0.34,https://clevelandinternationalhalloffame.com/2020-2022-induction-ceremony/,true
sudarshan-sathe-2023,Sudarshan Sathe,ramesh-shah-2020,Ramesh Shah,shared-source-page,0.34,https://clevelandinternationalhalloffame.com/2020-2022-induction-ceremony/,true
sudarshan-sathe-2023,Sudarshan Sathe,berj-shakarian-2020,Berj Shakarian,shared-source-page,0.34,https://clevelandinternationalhalloffame.com/2020-2022-induction-ceremony/,true
sudarshan-sathe-2023,Sudarshan Sathe,alex-machaskee-2010,Alex Machaskee,shared-source-page,0.34,https://clevelandinternationalhalloffame.com/2020-2022-induction-ceremony/,true
sudarshan-sathe-2023,Sudarshan Sathe,margaret-w-wong-2010,Margaret W. Wong,shared-source-page,0.34,https://clevelandinternationalhalloffame.com/2020-2022-induction-ceremony/,true
sudarshan-sathe-2023,Sudarshan Sathe,aklilu-demessie-2026,Aklilu Demessie,shared-source-page,0.34,https://clevelandinternationalhalloffame.com/2020-2022-induction-ceremony/,true
sudarshan-sathe-2023,Sudarshan Sathe,mona-alag-2017,Mona Alag,shared-source-page,0.34,https://clevelandinternationalhalloffame.com/induction-class-2017/,true
sudarshan-sathe-2023,Sudarshan Sathe,jim-craciun-2017,Jim Craciun,shared-source-page,0.34,https://clevelandinternationalhalloffame.com/induction-class-2017/,true
sudarshan-sathe-2023,Sudarshan Sathe,wael-khoury-2017,Wael Khoury,shared-source-page,0.34,https://clevelandinternationalhalloffame.com/induction-class-2017/,true
sudarshan-sathe-2023,Sudarshan Sathe,basil-russo-2017,Basil Russo,shared-source-page,0.34,https://clevelandinternationalhalloffame.com/induction-class-2017/,true
sudarshan-sathe-2023,Sudarshan Sathe,august-pust-2010,August Pust,shared-source-page,0.34,https://clevelandinternationalhalloffame.com/induction-class-2017/,true
sudarshan-sathe-2023,Sudarshan Sathe,georgine-welo-2023,Georgine Welo,shared-source-page,0.34,https://clevelandinternationalhalloffame.com/2023/04/cleveland-international-hall-of-fame-press-release/,true
sudarshan-sathe-2023,Sudarshan Sathe,alex-machaskee-2010,Alex Machaskee,shared-source-page,0.34,https://clevelandinternationalhalloffame.com/2023/04/cleveland-international-hall-of-fame-press-release/,true
sudarshan-sathe-2023,Sudarshan Sathe,basil-russo-2017,Basil Russo,shared-source-page,0.34,https://clevelandinternationalhalloffame.com/2023/04/cleveland-international-hall-of-fame-press-release/,true
taras-szmagala-2022,Taras Szmagala,margaret-lynch-2020,Margaret Lynch,shared-source-page,0.34,https://clevelandinternationalhalloffame.com/2020-2022-induction-ceremony/,true
taras-szmagala-2022,Taras Szmagala,ramesh-shah-2020,Ramesh Shah,shared-source-page,0.34,https://clevelandinternationalhalloffame.com/2020-2022-induction-ceremony/,true
taras-szmagala-2022,Taras Szmagala,berj-shakarian-2020,Berj Shakarian,shared-source-page,0.34,https://clevelandinternationalhalloffame.com/2020-2022-induction-ceremony/,true
taras-szmagala-2022,Taras Szmagala,alex-machaskee-2010,Alex Machaskee,shared-source-page,0.34,https://clevelandinternationalhalloffame.com/2020-2022-induction-ceremony/,true
taras-szmagala-2022,Taras Szmagala,margaret-w-wong-2010,Margaret W. Wong,shared-source-page,0.34,https://clevelandinternationalhalloffame.com/2020-2022-induction-ceremony/,true
taras-szmagala-2022,Taras Szmagala,aklilu-demessie-2026,Aklilu Demessie,shared-source-page,0.34,https://clevelandinternationalhalloffame.com/2020-2022-induction-ceremony/,true
thomas-j-scanlon-2014,Thomas J. Scanlon,dick-pogue-2015,Dick Pogue,shared-source-page,0.34,https://clevelandinternationalhalloffame.com/induction-class-2014/,true
tony-petkovsek-2011,Tony Petkovsek,albert-b-ratner-2011,Albert B. Ratner,shared-source-page,0.34,https://clevelandinternationalhalloffame.com/induction-class-2011/,true
tony-petkovsek-2011,Tony Petkovsek,lucretia-stoica-2011,Lucretia Stoica,shared-source-page,0.34,https://clevelandinternationalhalloffame.com/induction-class-2011/,true
tony-petkovsek-2011,Tony Petkovsek,luis-martinez-2011,Luis Martinez,shared-source-page,0.34,https://clevelandinternationalhalloffame.com/induction-class-2011/,true
tony-petkovsek-2011,Tony Petkovsek,gerald-m-quinn-2011,Gerald M. Quinn,shared-source-page,0.34,https://clevelandinternationalhalloffame.com/induction-class-2011/,true
tony-petkovsek-2011,Tony Petkovsek,giahoa-ryan-2011,Giahoa Ryan,shared-source-page,0.34,https://clevelandinternationalhalloffame.com/induction-class-2011/,true
tony-petkovsek-2011,Tony Petkovsek,ken-kovach-2012,Ken Kovach,shared-source-page,0.34,https://clevelandinternationalhalloffame.com/induction-class-2011/,true
valarie-mccall-2020,Valarie McCall,andy-chakalis-2026,Andy Chakalis,shared-source-page,0.34,https://clevelandinternationalhalloffame.com/2026-class-and-inductions/,true
valarie-mccall-2020,Valarie McCall,aklilu-demessie-2026,Aklilu Demessie,shared-source-page,0.34,https://clevelandinternationalhalloffame.com/2026-class-and-inductions/,true
valarie-mccall-2020,Valarie McCall,andy-fedynsky-2026,Andy Fedynsky,shared-source-page,0.34,https://clevelandinternationalhalloffame.com/2026-class-and-inductions/,true
valarie-mccall-2020,Valarie McCall,catherine-jorgensen-mccutcheon-2026,Catherine Jorgensen McCutcheon,shared-source-page,0.34,https://clevelandinternationalhalloffame.com/2026-class-and-inductions/,true
valarie-mccall-2020,Valarie McCall,le-nguyen-2026,Le Nguyen,shared-source-page,0.34,https://clevelandinternationalhalloffame.com/2026-class-and-inductions/,true
valarie-mccall-2020,Valarie McCall,lucy-torres-2026,Lucy Torres,shared-source-page,0.34,https://clevelandinternationalhalloffame.com/2026-class-and-inductions/,true
valarie-mccall-2020,Valarie McCall,joe-valencic-2020,Joe Valencic,shared-source-page,0.34,https://clevelandinternationalhalloffame.com/2020-2022-induction-ceremony/,true
valarie-mccall-2020,Valarie McCall,anda-cook-2022,Anda Cook,shared-source-page,0.34,https://clevelandinternationalhalloffame.com/2020-2022-induction-ceremony/,true
valarie-mccall-2020,Valarie McCall,carl-robson-2022,Carl Robson,shared-source-page,0.34,https://clevelandinternationalhalloffame.com/2020-2022-induction-ceremony/,true
valarie-mccall-2020,Valarie McCall,may-chen-2020,May Chen,shared-source-page,0.34,https://clevelandinternationalhalloffame.com/2020-2022-induction-ceremony/,true
valarie-mccall-2020,Valarie McCall,victor-ruiz-2022,Victor Ruiz,shared-source-page,0.34,https://clevelandinternationalhalloffame.com/2020-2022-induction-ceremony/,true
valarie-mccall-2020,Valarie McCall,taras-szmagala-2022,Taras Szmagala,shared-source-page,0.34,https://clevelandinternationalhalloffame.com/2020-2022-induction-ceremony/,true
valarie-mccall-2020,Valarie McCall,margaret-lynch-2020,Margaret Lynch,shared-source-page,0.34,https://clevelandinternationalhalloffame.com/2020-2022-induction-ceremony/,true
valarie-mccall-2020,Valarie McCall,ramesh-shah-2020,Ramesh Shah,shared-source-page,0.34,https://clevelandinternationalhalloffame.com/2020-2022-induction-ceremony/,true
valarie-mccall-2020,Valarie McCall,berj-shakarian-2020,Berj Shakarian,shared-source-page,0.34,https://clevelandinternationalhalloffame.com/2020-2022-induction-ceremony/,true
valarie-mccall-2020,Valarie McCall,alex-machaskee-2010,Alex Machaskee,shared-source-page,0.34,https://clevelandinternationalhalloffame.com/2020-2022-induction-ceremony/,true
valarie-mccall-2020,Valarie McCall,margaret-w-wong-2010,Margaret W. Wong,shared-source-page,0.34,https://clevelandinternationalhalloffame.com/2020-2022-induction-ceremony/,true
valarie-mccall-2020,Valarie McCall,aklilu-demessie-2026,Aklilu Demessie,shared-source-page,0.34,https://clevelandinternationalhalloffame.com/2020-2022-induction-ceremony/,true
veronica-dahlberg-2024,Veronica Dahlberg,dona-brady-2024,Dona Brady,shared-source-page,0.34,https://clevelandinternationalhalloffame.com/2024-inductions/,true
veronica-dahlberg-2024,Veronica Dahlberg,johnny-k-wu-2024,Johnny K. Wu,shared-source-page,0.34,https://clevelandinternationalhalloffame.com/2024-inductions/,true
veronica-dahlberg-2024,Veronica Dahlberg,dona-brady-2024,Dona Brady,shared-source-page,0.34,https://clevelandinternationalhalloffame.com/induction-event-info/,true
victor-ruiz-2022,Victor Ruiz,taras-szmagala-2022,Taras Szmagala,shared-source-page,0.34,https://clevelandinternationalhalloffame.com/2020-2022-induction-ceremony/,true
victor-ruiz-2022,Victor Ruiz,margaret-lynch-2020,Margaret Lynch,shared-source-page,0.34,https://clevelandinternationalhalloffame.com/2020-2022-induction-ceremony/,true
victor-ruiz-2022,Victor Ruiz,ramesh-shah-2020,Ramesh Shah,shared-source-page,0.34,https://clevelandinternationalhalloffame.com/2020-2022-induction-ceremony/,true
victor-ruiz-2022,Victor Ruiz,berj-shakarian-2020,Berj Shakarian,shared-source-page,0.34,https://clevelandinternationalhalloffame.com/2020-2022-induction-ceremony/,true
victor-ruiz-2022,Victor Ruiz,alex-machaskee-2010,Alex Machaskee,shared-source-page,0.34,https://clevelandinternationalhalloffame.com/2020-2022-induction-ceremony/,true
victor-ruiz-2022,Victor Ruiz,margaret-w-wong-2010,Margaret W. Wong,shared-source-page,0.34,https://clevelandinternationalhalloffame.com/2020-2022-induction-ceremony/,true
victor-ruiz-2022,Victor Ruiz,aklilu-demessie-2026,Aklilu Demessie,shared-source-page,0.34,https://clevelandinternationalhalloffame.com/2020-2022-induction-ceremony/,true
vijaya-l-emani-2011,Vijaya L. Emani,tony-petkovsek-2011,Tony Petkovsek,shared-source-page,0.34,https://clevelandinternationalhalloffame.com/induction-class-2011/,true
vijaya-l-emani-2011,Vijaya L. Emani,albert-b-ratner-2011,Albert B. Ratner,shared-source-page,0.34,https://clevelandinternationalhalloffame.com/induction-class-2011/,true
vijaya-l-emani-2011,Vijaya L. Emani,lucretia-stoica-2011,Lucretia Stoica,shared-source-page,0.34,https://clevelandinternationalhalloffame.com/induction-class-2011/,true
vijaya-l-emani-2011,Vijaya L. Emani,luis-martinez-2011,Luis Martinez,shared-source-page,0.34,https://clevelandinternationalhalloffame.com/induction-class-2011/,true
vijaya-l-emani-2011,Vijaya L. Emani,gerald-m-quinn-2011,Gerald M. Quinn,shared-source-page,0.34,https://clevelandinternationalhalloffame.com/induction-class-2011/,true
vijaya-l-emani-2011,Vijaya L. Emani,giahoa-ryan-2011,Giahoa Ryan,shared-source-page,0.34,https://clevelandinternationalhalloffame.com/induction-class-2011/,true
vijaya-l-emani-2011,Vijaya L. Emani,ken-kovach-2012,Ken Kovach,shared-source-page,0.34,https://clevelandinternationalhalloffame.com/induction-class-2011/,true
vladimir-rus-2012,Vladimir Rus,jack-kahl-2016,Jack Kahl,shared-source-page,0.34,https://clevelandinternationalhalloffame.com/induction-class-2012/,true
vladimir-rus-2012,Vladimir Rus,dick-russ-2015,Dick Russ,shared-source-page,0.34,https://clevelandinternationalhalloffame.com/induction-class-2012/,true
wael-khoury-2017,Wael Khoury,basil-russo-2017,Basil Russo,shared-source-page,0.34,https://clevelandinternationalhalloffame.com/induction-class-2017/,true
wael-khoury-2017,Wael Khoury,august-pust-2010,August Pust,shared-source-page,0.34,https://clevelandinternationalhalloffame.com/induction-class-2017/,true
wael-khoury-2017,Wael Khoury,milton-maltz-2012,Milton Maltz,shared-source-page,0.34,https://clevelandinternationalhalloffame.com/induction-class-2012/,true
wael-khoury-2017,Wael Khoury,dr-jaya-shah-2012,Dr. Jaya Shah,shared-source-page,0.34,https://clevelandinternationalhalloffame.com/induction-class-2012/,true
wael-khoury-2017,Wael Khoury,ken-kovach-2012,Ken Kovach,shared-source-page,0.34,https://clevelandinternationalhalloffame.com/induction-class-2012/,true
wael-khoury-2017,Wael Khoury,vladimir-rus-2012,Vladimir Rus,shared-source-page,0.34,https://clevelandinternationalhalloffame.com/induction-class-2012/,true
wael-khoury-2017,Wael Khoury,jack-kahl-2016,Jack Kahl,shared-source-page,0.34,https://clevelandinternationalhalloffame.com/induction-class-2012/,true
wael-khoury-2017,Wael Khoury,dick-russ-2015,Dick Russ,shared-source-page,0.34,https://clevelandinternationalhalloffame.com/induction-class-2012/,true
