id,name,classYear,region,collectionStatus,wikipediaStatus,wikipediaTitle,wikipediaUrl,wikidataStatus,wikidataId,wikidataLabel,officialSiteLeadCount,officialSiteLeadUrls,factStubCount,sourceErrorCount,officialSiteSourceErrorCount,reviewReason
alex-machaskee-2010,Alex Machaskee,2010,Europe,collected-needs-review,candidates-only,,,not-found,,,0,,1,0,0,Wikipedia candidates need identity review; no Wikidata match collected; no official-site lead collected
august-pust-2010,August Pust,2010,Europe,collected-needs-review,candidates-only,,,candidates-only,,,0,,1,0,0,Wikipedia candidates need identity review; Wikidata candidates need identity review; no official-site lead collected
dr-dieu-thuc-do-2010,Dr. Dieu Thuc Do,2010,Asia,collected-needs-review,candidates-only,,,not-found,,,0,,1,0,0,Wikipedia candidates need identity review; no Wikidata match collected; no official-site lead collected
helen-karpinski-1899-2002-2010,Helen Karpinski (1899 – 2002),2010,Europe,collected-needs-review,not-found,,,not-found,,,1,https://web.ulib.csuohio.edu/ebooks/karpinski/bio.html,1,0,0,no Wikipedia match collected; no Wikidata match collected; 1 official-site lead collected
irene-morrow-2010,Irene Morrow,2010,Europe,collected-needs-review,candidates-only,,,not-found,,,0,,1,0,0,Wikipedia candidates need identity review; no Wikidata match collected; no official-site lead collected
jeanette-grasselli-brown-2010,Jeanette Grasselli Brown,2010,Europe,collected-needs-review,strong-match,Jeanette Grasselli Brown,https://en.wikipedia.org/wiki/Jeanette_Grasselli_Brown,not-found,,,0,,1,1,0,strong Wikipedia candidate collected; no Wikidata match collected; no official-site lead collected
leo-weidenthal-2010,Leo Weidenthal,2010,Asia,collected-needs-review,candidates-only,,,not-found,,,0,,1,1,0,Wikipedia candidates need identity review; no Wikidata match collected; no official-site lead collected
lonnie-mccauley-2010,Lonnie McCauley,2010,Europe,collected-needs-review,not-found,,,not-found,,,0,,1,1,0,no Wikipedia match collected; no Wikidata match collected; no official-site lead collected
margaret-w-wong-2010,Margaret W. Wong,2010,Asia,collected-needs-review,strong-match,Margaret W. Wong,https://en.wikipedia.org/wiki/Margaret_W._Wong,not-found,,,1,https://www.imwong.com/attorneys/,2,1,0,strong Wikipedia candidate collected; no Wikidata match collected; 1 official-site lead collected
paramjit-singh-2010,Paramjit Singh,2010,Asia,collected-needs-review,candidates-only,,,candidates-only,,,0,,1,0,0,Wikipedia candidates need identity review; Wikidata candidates need identity review; no official-site lead collected
paul-sciria-2010,Paul Sciria,2010,Europe,collected-needs-review,candidates-only,,,not-found,,,0,,1,0,0,Wikipedia candidates need identity review; no Wikidata match collected; no official-site lead collected
robert-j-haas-2010,Robert J. Haas,2010,Europe,collected-needs-review,candidates-only,,,not-found,,,0,,1,0,0,Wikipedia candidates need identity review; no Wikidata match collected; no official-site lead collected
senator-george-voinovich-2010,Senator George Voinovich,2010,Europe,collected-needs-review,strong-match,George Voinovich,https://en.wikipedia.org/wiki/George_Voinovich,candidates-only,,,2,https://www.ohio.edu/voinovich-school/about/george-voinovich|https://archivesspace.ohio.edu/agents/people/1014,3,0,0,strong Wikipedia candidate collected; Wikidata candidates need identity review; 2 official-site leads collected
albert-b-ratner-2011,Albert B. Ratner,2011,Europe,collected-needs-review,not-found,,,not-found,,,0,,1,1,0,no Wikipedia match collected; no Wikidata match collected; no official-site lead collected
gerald-m-quinn-2011,Gerald M. Quinn,2011,Europe,collected-needs-review,candidates-only,,,not-found,,,0,,1,1,0,Wikipedia candidates need identity review; no Wikidata match collected; no official-site lead collected
giahoa-ryan-2011,Giahoa Ryan,2011,Asia,collected-needs-review,candidates-only,,,not-found,,,0,,1,1,0,Wikipedia candidates need identity review; no Wikidata match collected; no official-site lead collected
lucretia-stoica-2011,Lucretia Stoica,2011,Europe,collected-needs-review,not-found,,,not-found,,,0,,1,1,0,no Wikipedia match collected; no Wikidata match collected; no official-site lead collected
luis-martinez-2011,Luis Martinez,2011,North America,collected-needs-review,not-found,,,not-found,,,0,,1,2,0,no Wikipedia match collected; no Wikidata match collected; no official-site lead collected
ralph-j-perk-2011,Ralph J. Perk,2011,Europe,collected-needs-review,strong-match,Ralph Perk,https://en.wikipedia.org/wiki/Ralph_Perk,not-found,,,1,https://case.edu/ech/articles/p/perk-ralph-j,2,1,0,strong Wikipedia candidate collected; no Wikidata match collected; 1 official-site lead collected
reverend-dr-otis-moss-jr-2011,"Reverend Dr. Otis Moss, Jr.",2011,Africa,collected-needs-review,not-found,,,not-found,,,1,https://www.thehistorymakers.org/biography/reverend-dr-otis-moss-jr,1,1,0,no Wikipedia match collected; no Wikidata match collected; 1 official-site lead collected
tony-petkovsek-2011,Tony Petkovsek,2011,Europe,collected-needs-review,not-found,,,not-found,,,0,,1,1,0,no Wikipedia match collected; no Wikidata match collected; no official-site lead collected
vijaya-l-emani-2011,Vijaya L. Emani,2011,Asia,collected-needs-review,not-found,,,not-found,,,0,,1,1,0,no Wikipedia match collected; no Wikidata match collected; no official-site lead collected
anthony-yen-yan-yuan-tai-2012,Anthony Yen (Yan Yuan Tai),2012,Asia,collected-needs-review,not-found,,,not-found,,,0,,1,2,0,no Wikipedia match collected; no Wikidata match collected; no official-site lead collected
dr-jaya-shah-2012,Dr. Jaya Shah,2012,Asia,collected-needs-review,candidates-only,,,not-found,,,0,,1,1,0,Wikipedia candidates need identity review; no Wikidata match collected; no official-site lead collected
fr-jim-o-donnell-2012,Fr. Jim O’Donnell,2012,Europe,collected-needs-review,candidates-only,,,candidates-only,,,0,,1,0,0,Wikipedia candidates need identity review; Wikidata candidates need identity review; no official-site lead collected
hon-mary-rose-oakar-2012,Hon. Mary Rose Oakar,2012,Asia,collected-needs-review,candidates-only,,,candidates-only,,,1,https://www.bw.edu/centers/women-and-politics-of-ohio/bios/02-oakar-mary-rose/,1,0,0,Wikipedia candidates need identity review; Wikidata candidates need identity review; 1 official-site lead collected
jose-c-feliciano-2012,José C. Feliciano,2012,North America,collected-needs-review,candidates-only,,,not-found,,,2,https://business.csuohio.edu/pointsofpride/jose-feliciano|https://ochla.ohio.gov/wps/portal/gov/ochla/about/board-of-commissioners/commissioners-bios/05-jose-feliciano,2,0,0,Wikipedia candidates need identity review; no Wikidata match collected; 2 official-site leads collected
ken-kovach-2012,Ken Kovach,2012,Europe,collected-needs-review,not-found,,,not-found,,,0,,1,2,0,no Wikipedia match collected; no Wikidata match collected; no official-site lead collected
milton-maltz-2012,Milton Maltz,2012,Europe,collected-needs-review,candidates-only,,,not-found,,,0,,1,1,0,Wikipedia candidates need identity review; no Wikidata match collected; no official-site lead collected
vladimir-rus-2012,Vladimir Rus,2012,Europe,collected-needs-review,candidates-only,,,not-found,,,0,,1,1,0,Wikipedia candidates need identity review; no Wikidata match collected; no official-site lead collected
bishop-a-edward-pevec-2013,Bishop A. Edward Pevec,2013,Europe,collected-needs-review,not-found,,,not-found,,,0,,1,1,0,no Wikipedia match collected; no Wikidata match collected; no official-site lead collected
dr-maria-pujana-2013,Dr. Maria Pujana,2013,South America,collected-needs-review,not-found,,,not-found,,,2,https://www.clevelandfoundation100.org/trustees/maria-jose-pujana-2/|https://mariapujanadesigns.com/about-maria,2,2,0,no Wikipedia match collected; no Wikidata match collected; 2 official-site leads collected
jack-coyne-2013,Jack Coyne,2013,Europe,collected-needs-review,candidates-only,,,not-found,,,0,,1,1,0,Wikipedia candidates need identity review; no Wikidata match collected; no official-site lead collected
josef-holzer-2013,Josef Holzer,2013,Europe,collected-needs-review,candidates-only,,,not-found,,,1,http://flash.ulib.csuohio.edu/cmp/perk/holzer-odonnell.html,1,1,0,Wikipedia candidates need identity review; no Wikidata match collected; 1 official-site lead collected
nacy-panzica-2013,Nacy Panzica,2013,Europe,collected-needs-review,not-found,,,not-found,,,0,,1,1,0,no Wikipedia match collected; no Wikidata match collected; no official-site lead collected
ratanjit-s-sondhe-2013,Ratanjit S. Sondhe,2013,Asia,collected-needs-review,not-found,,,not-found,,,0,,1,1,0,no Wikipedia match collected; no Wikidata match collected; no official-site lead collected
samuel-h-miller-2013,Samuel H. Miller,2013,Europe,collected-needs-review,not-found,,,not-found,,,2,https://cpl.org/citation/samuel-miller-papers-and-photographs/|https://www.catholiccommunity.org/about/our-impact/sam-miller,2,1,0,no Wikipedia match collected; no Wikidata match collected; 2 official-site leads collected
donna-hom-2014,Donna Hom,2014,Asia,collected-needs-review,candidates-only,,,not-found,,,0,,1,1,0,Wikipedia candidates need identity review; no Wikidata match collected; no official-site lead collected
ernie-mihaly-2014,Ernie Mihaly,2014,Europe,collected-needs-review,not-found,,,not-found,,,0,,1,1,0,no Wikipedia match collected; no Wikidata match collected; no official-site lead collected
eugene-bak-2014,Eugene Bak,2014,Europe,collected-needs-review,candidates-only,,,not-found,,,0,,1,1,0,Wikipedia candidates need identity review; no Wikidata match collected; no official-site lead collected
jim-foster-2014,Jim Foster,2014,Europe,collected-needs-review,candidates-only,,,candidates-only,,,0,,1,0,0,Wikipedia candidates need identity review; Wikidata candidates need identity review; no official-site lead collected
joseph-p-meissner-2014,Joseph P Meissner,2014,Europe,collected-needs-review,candidates-only,,,not-found,,,0,,1,0,0,Wikipedia candidates need identity review; no Wikidata match collected; no official-site lead collected
margaret-callander-2014,Margaret Callander,2014,Europe,collected-needs-review,candidates-only,,,not-found,,,0,,1,1,0,Wikipedia candidates need identity review; no Wikidata match collected; no official-site lead collected
monte-ahuja-2014,Monte Ahuja,2014,Asia,collected-needs-review,candidates-only,,,not-found,,,2,https://clevelandvoices.org/items/show/1982|https://www.indiaspora.org/philanthropy-leader/monte-ahuja/,2,1,0,Wikipedia candidates need identity review; no Wikidata match collected; 2 official-site leads collected
thomas-j-scanlon-2014,Thomas J. Scanlon,2014,Europe,collected-needs-review,not-found,,,not-found,,,0,,1,1,0,no Wikipedia match collected; no Wikidata match collected; no official-site lead collected
bishop-anthony-pilla-2015,Bishop Anthony Pilla,2015,Europe,collected-needs-review,not-found,,,not-found,,,0,,1,2,0,no Wikipedia match collected; no Wikidata match collected; no official-site lead collected
dick-pogue-2015,Dick Pogue,2015,Europe,collected-needs-review,candidates-only,,,not-found,,,0,,1,1,0,Wikipedia candidates need identity review; no Wikidata match collected; no official-site lead collected
dick-russ-2015,Dick Russ,2015,Europe,collected-needs-review,candidates-only,,,not-found,,,0,,1,1,0,Wikipedia candidates need identity review; no Wikidata match collected; no official-site lead collected
honorable-jose-a-villanueva-2015,Honorable José A. Villanueva,2015,North America,collected-needs-review,not-found,,,not-found,,,1,https://thehispanicroundtable.org/user/files/Bios/Judge%20Jose%20A-%20Villanueva%20Bio.pdf,1,2,0,no Wikipedia match collected; no Wikidata match collected; 1 official-site lead collected
richard-a-ganim-2015,Richard A. Ganim,2015,Asia,collected-needs-review,not-found,,,not-found,,,1,http://flash.ulib.csuohio.edu/cmp/perk/akers-camp-ganim.html,1,2,0,no Wikipedia match collected; no Wikidata match collected; 1 official-site lead collected
shiv-k-aggarwal-2015,Shiv K. Aggarwal,2015,Asia,collected-needs-review,not-found,,,not-found,,,0,,1,1,0,no Wikipedia match collected; no Wikidata match collected; no official-site lead collected
steve-mulloy-2015,Steve Mulloy,2015,Europe,collected-needs-review,candidates-only,,,not-found,,,0,,1,1,0,Wikipedia candidates need identity review; no Wikidata match collected; no official-site lead collected
arnie-de-la-porte-2016-2016,Arnie de la Porte – 2016,2016,Europe,collected-needs-review,not-found,,,not-found,,,0,,1,1,0,no Wikipedia match collected; no Wikidata match collected; no official-site lead collected
carolyn-balogh-2016-2016,Carolyn Balogh – 2016,2016,Europe,collected-needs-review,not-found,,,not-found,,,0,,1,1,0,no Wikipedia match collected; no Wikidata match collected; no official-site lead collected
eugenia-stolarczyk-2016-2016,Eugenia Stolarczyk – 2016,2016,Europe,collected-needs-review,not-found,,,not-found,,,0,,1,0,0,no Wikipedia match collected; no Wikidata match collected; no official-site lead collected
jack-kahl-2016,Jack Kahl,2016,Europe,collected-needs-review,candidates-only,,,candidates-only,,,1,https://clevelandpolicefoundation.org/about-the-cpf/jack-kahl/,1,0,0,Wikipedia candidates need identity review; Wikidata candidates need identity review; 1 official-site lead collected
khalid-samad-2016-2016,Khalid Samad – 2016,2016,Africa,collected-needs-review,candidates-only,,,candidates-only,,,0,,1,0,0,Wikipedia candidates need identity review; Wikidata candidates need identity review; no official-site lead collected
mohan-bafna-2016,Mohan Bafna,2016,Asia,collected-needs-review,candidates-only,,,not-found,,,0,,1,0,0,Wikipedia candidates need identity review; no Wikidata match collected; no official-site lead collected
rev-mikhail-mikhail-2016,Rev. Mikhail Mikhail,2016,Africa,collected-needs-review,not-found,,,not-found,,,0,,1,1,0,no Wikipedia match collected; no Wikidata match collected; no official-site lead collected
basil-russo-2017,Basil Russo,2017,Europe,collected-needs-review,not-found,,,not-found,,,0,,1,2,0,no Wikipedia match collected; no Wikidata match collected; no official-site lead collected
bill-miller-2017,Bill Miller,2017,Europe,collected-needs-review,candidates-only,,,not-found,,,0,,1,2,0,Wikipedia candidates need identity review; no Wikidata match collected; no official-site lead collected
jim-craciun-2017,Jim Craciun,2017,Europe,collected-needs-review,candidates-only,,,not-found,,,0,,1,1,0,Wikipedia candidates need identity review; no Wikidata match collected; no official-site lead collected
mona-alag-2017,Mona Alag,2017,Asia,collected-needs-review,candidates-only,,,not-found,,,0,,1,1,0,Wikipedia candidates need identity review; no Wikidata match collected; no official-site lead collected
sam-kim-2017,Sam Kim,2017,Asia,collected-needs-review,candidates-only,,,not-found,,,0,,1,1,0,Wikipedia candidates need identity review; no Wikidata match collected; no official-site lead collected
wael-khoury-2017,Wael Khoury,2017,Asia,collected-needs-review,not-found,,,not-found,,,0,,1,1,0,no Wikipedia match collected; no Wikidata match collected; no official-site lead collected
abby-mina-2018,Abby Mina,2018,Asia,collected-needs-review,not-found,,,not-found,,,2,https://clevelandvoices.org/items/browse?term=citizenship&advanced[0][element_id]=49&advanced[0][type]=contains&advanced[0][terms]=citizenship|https://clevelandvoices.org/items/show/2634,2,2,0,no Wikipedia match collected; no Wikidata match collected; 2 official-site leads collected
atul-mehta-2018,Atul Mehta,2018,Asia,collected-needs-review,candidates-only,,,not-found,,,0,,1,1,0,Wikipedia candidates need identity review; no Wikidata match collected; no official-site lead collected
ralph-perk-jr-2018,Ralph Perk Jr.,2018,Europe,collected-needs-review,candidates-only,,,not-found,,,0,,1,1,0,Wikipedia candidates need identity review; no Wikidata match collected; no official-site lead collected
ray-pianka-2018,Ray Pianka,2018,Europe,collected-needs-review,not-found,,,not-found,,,0,,1,2,0,no Wikipedia match collected; no Wikidata match collected; no official-site lead collected
sheila-murphy-crawford-2018,Sheila Murphy Crawford,2018,Europe,collected-needs-review,not-found,,,not-found,,,0,,1,0,0,no Wikipedia match collected; no Wikidata match collected; no official-site lead collected
sister-alicia-alvarado-2018,Sister Alicia Alvarado,2018,North America,collected-needs-review,candidates-only,,,not-found,,,0,,1,0,0,Wikipedia candidates need identity review; no Wikidata match collected; no official-site lead collected
akram-boutros-2019,Akram Boutros,2019,Africa,collected-needs-review,candidates-only,,,not-found,,,0,,1,0,0,Wikipedia candidates need identity review; no Wikidata match collected; no official-site lead collected
ingrida-bublys-2019,Ingrida Bublys,2019,Europe,collected-needs-review,not-found,,,not-found,,,0,,1,0,0,no Wikipedia match collected; no Wikidata match collected; no official-site lead collected
marilyn-madigan-2019,Marilyn Madigan,2019,Europe,collected-needs-review,not-found,,,not-found,,,0,,1,0,0,no Wikipedia match collected; no Wikidata match collected; no official-site lead collected
paul-burik-2019,Paul Burik,2019,Europe,collected-needs-review,not-found,,,not-found,,,0,,1,0,0,no Wikipedia match collected; no Wikidata match collected; no official-site lead collected
richard-fleischman-2019,Richard Fleischman,2019,Europe,collected-needs-review,candidates-only,,,not-found,,,0,,1,1,0,Wikipedia candidates need identity review; no Wikidata match collected; no official-site lead collected
sree-sreenath-2019,Sree Sreenath,2019,Asia,collected-needs-review,not-found,,,not-found,,,1,https://vayuusa.org/team/sree-n-sreenath-1/,1,1,0,no Wikipedia match collected; no Wikidata match collected; 1 official-site lead collected
berj-shakarian-2020,Berj Shakarian,2020,Europe,collected-needs-review,not-found,,,not-found,,,0,,1,2,0,no Wikipedia match collected; no Wikidata match collected; no official-site lead collected
joe-valencic-2020,Joe Valencic,2020,Europe,collected-needs-review,not-found,,,not-found,,,0,,1,2,0,no Wikipedia match collected; no Wikidata match collected; no official-site lead collected
margaret-lynch-2020,Margaret Lynch,2020,Europe,collected-needs-review,candidates-only,,,not-found,,,0,,1,2,0,Wikipedia candidates need identity review; no Wikidata match collected; no official-site lead collected
may-chen-2020,May Chen,2020,Asia,collected-needs-review,candidates-only,,,not-found,,,0,,1,1,0,Wikipedia candidates need identity review; no Wikidata match collected; no official-site lead collected
ramesh-shah-2020,Ramesh Shah,2020,Asia,collected-needs-review,candidates-only,,,not-found,,,0,,1,1,0,Wikipedia candidates need identity review; no Wikidata match collected; no official-site lead collected
valarie-mccall-2020,Valarie McCall,2020,North America,collected-needs-review,not-found,,,not-found,,,0,,1,2,0,no Wikipedia match collected; no Wikidata match collected; no official-site lead collected
anda-cook-2022,Anda Cook,2022,Europe,collected-needs-review,not-found,,,not-found,,,0,,1,2,0,no Wikipedia match collected; no Wikidata match collected; no official-site lead collected
carl-robson-2022,Carl Robson,2022,Africa,collected-needs-review,candidates-only,,,not-found,,,0,,1,0,0,Wikipedia candidates need identity review; no Wikidata match collected; no official-site lead collected
taras-szmagala-2022,Taras Szmagala,2022,Europe,collected-needs-review,not-found,,,not-found,,,1,https://www.csuohio.edu/sites/default/files/2026-02/bio-taras_szmagala_a11y.pdf,1,0,0,no Wikipedia match collected; no Wikidata match collected; 1 official-site lead collected
victor-ruiz-2022,Victor Ruiz,2022,North America,collected-needs-review,candidates-only,,,candidates-only,,,1,https://cpl.org/onecle/230/victor-ruiz/,1,0,0,Wikipedia candidates need identity review; Wikidata candidates need identity review; 1 official-site lead collected
georgine-welo-2023,Georgine Welo,2023,Europe,collected-needs-review,candidates-only,,,candidates-only,,,1,https://southeuclid.gov/,1,0,0,Wikipedia candidates need identity review; Wikidata candidates need identity review; 1 official-site lead collected
joyce-mariani-2023,Joyce Mariani,2023,Europe,collected-needs-review,not-found,,,not-found,,,1,http://flash.ulib.csuohio.edu/cmp/perk/mariani.html,1,1,0,no Wikipedia match collected; no Wikidata match collected; 1 official-site lead collected
michael-d-polensek-2023,Michael D. Polensek,2023,Europe,collected-needs-review,candidates-only,,,not-found,,,0,,1,1,0,Wikipedia candidates need identity review; no Wikidata match collected; no official-site lead collected
pat-dowd-2023,Pat Dowd,2023,Europe,collected-needs-review,candidates-only,,,not-found,,,0,,1,1,0,Wikipedia candidates need identity review; no Wikidata match collected; no official-site lead collected
pierre-bejjani-2023,Pierre Bejjani,2023,Asia,collected-needs-review,not-found,,,not-found,,,0,,1,1,0,no Wikipedia match collected; no Wikidata match collected; no official-site lead collected
sudarshan-sathe-2023,Sudarshan Sathe,2023,Asia,collected-needs-review,not-found,,,not-found,,,0,,1,2,0,no Wikipedia match collected; no Wikidata match collected; no official-site lead collected
ambassador-edward-f-crawford-2024,Ambassador Edward F. Crawford,2024,Europe,collected-needs-review,not-found,,,not-found,,,1,https://www.kent.edu/bot/edward-f-crawford,1,2,0,no Wikipedia match collected; no Wikidata match collected; 1 official-site lead collected
dona-brady-2024,Dona Brady,2024,Europe,collected-needs-review,not-found,,,not-found,,,0,,1,2,0,no Wikipedia match collected; no Wikidata match collected; no official-site lead collected
dr-eugene-jordan-2024,Dr. Eugene Jordan,2024,Africa,collected-needs-review,not-found,,,not-found,,,0,,1,2,0,no Wikipedia match collected; no Wikidata match collected; no official-site lead collected
erika-puussaar-2024,Erika Puussaar,2024,Europe,collected-needs-review,not-found,,,not-found,,,0,,1,1,0,no Wikipedia match collected; no Wikidata match collected; no official-site lead collected
johnny-k-wu-2024,Johnny K. Wu,2024,Asia,collected-needs-review,candidates-only,,,not-found,,,0,,1,1,0,Wikipedia candidates need identity review; no Wikidata match collected; no official-site lead collected
veronica-dahlberg-2024,Veronica Dahlberg,2024,North America,collected-needs-review,not-found,,,not-found,,,0,,1,0,0,no Wikipedia match collected; no Wikidata match collected; no official-site lead collected
beverly-kerecman-2025,Beverly Kerecman,2025,Asia,collected-needs-review,not-found,,,not-found,,,0,,1,0,0,no Wikipedia match collected; no Wikidata match collected; no official-site lead collected
branka-malinar-2025,Branka Malinar,2025,Europe,collected-needs-review,not-found,,,not-found,,,0,,1,0,0,no Wikipedia match collected; no Wikidata match collected; no official-site lead collected
david-gilbert-2025,David Gilbert,2025,North America,collected-needs-review,candidates-only,,,candidates-only,,,0,,1,0,0,Wikipedia candidates need identity review; Wikidata candidates need identity review; no official-site lead collected
mayor-frank-jackson-2025,Mayor Frank Jackson,2025,Africa,collected-needs-review,not-found,,,candidates-only,,,2,https://case.edu/ech/articles/m/mayoral-administration-frank-g-jackson|https://hof.csulaw.org/hof-member/mayor-frank-g-jackson/,2,0,0,no Wikipedia match collected; Wikidata candidates need identity review; 2 official-site leads collected
raj-aggarwal-2025,Raj Aggarwal,2025,Asia,collected-needs-review,not-found,,,not-found,,,0,,1,2,0,no Wikipedia match collected; no Wikidata match collected; no official-site lead collected
svetlana-stolyarova-2025,Svetlana Stolyarova,2025,Asia,collected-needs-review,not-found,,,not-found,,,0,,1,1,0,no Wikipedia match collected; no Wikidata match collected; no official-site lead collected
aklilu-demessie-2026,Aklilu Demessie,2026,Africa,collected-needs-review,not-found,,,not-found,,,0,,1,1,0,no Wikipedia match collected; no Wikidata match collected; no official-site lead collected
andy-chakalis-2026,Andy Chakalis,2026,Europe,collected-needs-review,not-found,,,not-found,,,0,,1,1,0,no Wikipedia match collected; no Wikidata match collected; no official-site lead collected
andy-fedynsky-2026,Andy Fedynsky,2026,Europe,collected-needs-review,not-found,,,not-found,,,0,,1,1,0,no Wikipedia match collected; no Wikidata match collected; no official-site lead collected
catherine-jorgensen-mccutcheon-2026,Catherine Jorgensen McCutcheon,2026,Europe,collected-needs-review,not-found,,,not-found,,,0,,1,2,0,no Wikipedia match collected; no Wikidata match collected; no official-site lead collected
le-nguyen-2026,Le Nguyen,2026,Asia,collected-needs-review,not-found,,,not-found,,,0,,1,2,0,no Wikipedia match collected; no Wikidata match collected; no official-site lead collected
lucy-torres-2026,Lucy Torres,2026,North America,collected-needs-review,candidates-only,,,not-found,,,0,,1,1,0,Wikipedia candidates need identity review; no Wikidata match collected; no official-site lead collected
