id,name,classYear,sourceRuntimePath,sourceWidth,sourceHeight,normalResolution,shortestSide,aspectRatio,fileSizeBytes,fileSizeLabel,qualityLabel,fitMode,reviewFlags,reviewRecommendation,rightsStatus,approvedForKiosk
alex-machaskee-2010,Alex Machaskee,2010,/media/images/alex-machaskee-2010/primary.png,298,302,298 x 302,298,0.987,126746,123.8 KB,low-resolution-source,cover,low-resolution-source,Replace with a higher-resolution portrait before permanent installation if possible.,needs-review,no
august-pust-2010,August Pust,2010,/media/images/august-pust-2010/primary.jpg,298,302,298 x 302,298,0.987,19606,19.1 KB,low-resolution-source,cover,low-resolution-source,Replace with a higher-resolution portrait before permanent installation if possible.,needs-review,no
dr-dieu-thuc-do-2010,Dr. Dieu Thuc Do,2010,/media/images/dr-dieu-thuc-do-2010/primary.jpg,298,302,298 x 302,298,0.987,28294,27.6 KB,low-resolution-source,cover,low-resolution-source,Replace with a higher-resolution portrait before permanent installation if possible.,needs-review,no
helen-karpinski-1899-2002-2010,Helen Karpinski (1899 – 2002),2010,/media/images/helen-karpinski-1899-2002-2010/primary.jpg,298,302,298 x 302,298,0.987,31252,30.5 KB,low-resolution-source,cover,low-resolution-source,Replace with a higher-resolution portrait before permanent installation if possible.,needs-review,no
irene-morrow-2010,Irene Morrow,2010,/media/images/irene-morrow-2010/primary.jpg,298,302,298 x 302,298,0.987,28935,28.3 KB,low-resolution-source,cover,low-resolution-source,Replace with a higher-resolution portrait before permanent installation if possible.,needs-review,no
jeanette-grasselli-brown-2010,Jeanette Grasselli Brown,2010,/media/images/jeanette-grasselli-brown-2010/primary.jpg,298,302,298 x 302,298,0.987,30649,29.9 KB,low-resolution-source,cover,low-resolution-source,Replace with a higher-resolution portrait before permanent installation if possible.,needs-review,no
leo-weidenthal-2010,Leo Weidenthal,2010,/media/images/leo-weidenthal-2010/primary.jpg,298,302,298 x 302,298,0.987,23967,23.4 KB,low-resolution-source,cover,low-resolution-source,Replace with a higher-resolution portrait before permanent installation if possible.,needs-review,no
lonnie-mccauley-2010,Lonnie McCauley,2010,/media/images/lonnie-mccauley-2010/primary.jpg,298,302,298 x 302,298,0.987,25910,25.3 KB,low-resolution-source,cover,low-resolution-source,Replace with a higher-resolution portrait before permanent installation if possible.,needs-review,no
margaret-w-wong-2010,Margaret W. Wong,2010,/media/images/margaret-w-wong-2010/primary.jpg,298,302,298 x 302,298,0.987,32445,31.7 KB,low-resolution-source,cover,low-resolution-source,Replace with a higher-resolution portrait before permanent installation if possible.,needs-review,no
paramjit-singh-2010,Paramjit Singh,2010,/media/images/paramjit-singh-2010/primary.jpg,298,302,298 x 302,298,0.987,46282,45.2 KB,low-resolution-source,cover,low-resolution-source,Replace with a higher-resolution portrait before permanent installation if possible.,needs-review,no
paul-sciria-2010,Paul Sciria,2010,/media/images/paul-sciria-2010/primary.jpg,298,302,298 x 302,298,0.987,26070,25.5 KB,low-resolution-source,cover,low-resolution-source,Replace with a higher-resolution portrait before permanent installation if possible.,needs-review,no
robert-j-haas-2010,Robert J. Haas,2010,/media/images/robert-j-haas-2010/primary.png,298,302,298 x 302,298,0.987,122974,120.1 KB,low-resolution-source,cover,low-resolution-source,Replace with a higher-resolution portrait before permanent installation if possible.,needs-review,no
senator-george-voinovich-2010,Senator George Voinovich,2010,/media/images/senator-george-voinovich-2010/primary.jpg,298,302,298 x 302,298,0.987,21841,21.3 KB,low-resolution-source,cover,low-resolution-source,Replace with a higher-resolution portrait before permanent installation if possible.,needs-review,no
albert-b-ratner-2011,Albert B. Ratner,2011,/media/images/albert-b-ratner-2011/primary.jpg,298,302,298 x 302,298,0.987,18624,18.2 KB,low-resolution-source,cover,low-resolution-source,Replace with a higher-resolution portrait before permanent installation if possible.,needs-review,no
gerald-m-quinn-2011,Gerald M. Quinn,2011,/media/images/gerald-m-quinn-2011/primary.jpg,298,302,298 x 302,298,0.987,36473,35.6 KB,low-resolution-source,cover,low-resolution-source,Replace with a higher-resolution portrait before permanent installation if possible.,needs-review,no
giahoa-ryan-2011,Giahoa Ryan,2011,/media/images/giahoa-ryan-2011/primary.jpg,298,302,298 x 302,298,0.987,21352,20.9 KB,low-resolution-source,cover,low-resolution-source,Replace with a higher-resolution portrait before permanent installation if possible.,needs-review,no
lucretia-stoica-2011,Lucretia Stoica,2011,/media/images/lucretia-stoica-2011/primary.jpg,298,302,298 x 302,298,0.987,39461,38.5 KB,low-resolution-source,cover,low-resolution-source,Replace with a higher-resolution portrait before permanent installation if possible.,needs-review,no
luis-martinez-2011,Luis Martinez,2011,/media/images/luis-martinez-2011/primary.jpg,298,302,298 x 302,298,0.987,17703,17.3 KB,low-resolution-source,cover,low-resolution-source,Replace with a higher-resolution portrait before permanent installation if possible.,needs-review,no
ralph-j-perk-2011,Ralph J. Perk,2011,/media/images/ralph-j-perk-2011/primary.jpg,298,302,298 x 302,298,0.987,22502,22.0 KB,low-resolution-source,cover,low-resolution-source,Replace with a higher-resolution portrait before permanent installation if possible.,needs-review,no
reverend-dr-otis-moss-jr-2011,"Reverend Dr. Otis Moss, Jr.",2011,/media/images/reverend-dr-otis-moss-jr-2011/primary.jpg,298,302,298 x 302,298,0.987,23183,22.6 KB,low-resolution-source,cover,low-resolution-source,Replace with a higher-resolution portrait before permanent installation if possible.,needs-review,no
tony-petkovsek-2011,Tony Petkovsek,2011,/media/images/tony-petkovsek-2011/primary.jpg,298,302,298 x 302,298,0.987,26349,25.7 KB,low-resolution-source,cover,low-resolution-source,Replace with a higher-resolution portrait before permanent installation if possible.,needs-review,no
vijaya-l-emani-2011,Vijaya L. Emani,2011,/media/images/vijaya-l-emani-2011/primary.jpg,298,302,298 x 302,298,0.987,43449,42.4 KB,low-resolution-source,cover,low-resolution-source,Replace with a higher-resolution portrait before permanent installation if possible.,needs-review,no
anthony-yen-yan-yuan-tai-2012,Anthony Yen (Yan Yuan Tai),2012,/media/images/anthony-yen-yan-yuan-tai-2012/primary.jpg,298,302,298 x 302,298,0.987,29081,28.4 KB,low-resolution-source,cover,low-resolution-source,Replace with a higher-resolution portrait before permanent installation if possible.,needs-review,no
dr-jaya-shah-2012,Dr. Jaya Shah,2012,/media/images/dr-jaya-shah-2012/primary.jpg,298,302,298 x 302,298,0.987,35741,34.9 KB,low-resolution-source,cover,low-resolution-source,Replace with a higher-resolution portrait before permanent installation if possible.,needs-review,no
fr-jim-o-donnell-2012,Fr. Jim O’Donnell,2012,/media/images/fr-jim-o-donnell-2012/primary.jpg,298,302,298 x 302,298,0.987,28499,27.8 KB,low-resolution-source,cover,low-resolution-source,Replace with a higher-resolution portrait before permanent installation if possible.,needs-review,no
hon-mary-rose-oakar-2012,Hon. Mary Rose Oakar,2012,/media/images/hon-mary-rose-oakar-2012/primary.jpg,298,302,298 x 302,298,0.987,23086,22.5 KB,low-resolution-source,cover,low-resolution-source,Replace with a higher-resolution portrait before permanent installation if possible.,needs-review,no
jose-c-feliciano-2012,José C. Feliciano,2012,/media/images/jose-c-feliciano-2012/primary.jpg,298,302,298 x 302,298,0.987,28658,28.0 KB,low-resolution-source,cover,low-resolution-source,Replace with a higher-resolution portrait before permanent installation if possible.,needs-review,no
ken-kovach-2012,Ken Kovach,2012,/media/images/ken-kovach-2012/primary.jpg,298,302,298 x 302,298,0.987,25740,25.1 KB,low-resolution-source,cover,low-resolution-source,Replace with a higher-resolution portrait before permanent installation if possible.,needs-review,no
milton-maltz-2012,Milton Maltz,2012,/media/images/milton-maltz-2012/primary.jpg,298,302,298 x 302,298,0.987,34837,34.0 KB,low-resolution-source,cover,low-resolution-source,Replace with a higher-resolution portrait before permanent installation if possible.,needs-review,no
vladimir-rus-2012,Vladimir Rus,2012,/media/images/vladimir-rus-2012/primary.jpg,298,302,298 x 302,298,0.987,31632,30.9 KB,low-resolution-source,cover,low-resolution-source,Replace with a higher-resolution portrait before permanent installation if possible.,needs-review,no
bishop-a-edward-pevec-2013,Bishop A. Edward Pevec,2013,/media/images/bishop-a-edward-pevec-2013/primary.jpg,298,302,298 x 302,298,0.987,22103,21.6 KB,low-resolution-source,cover,low-resolution-source,Replace with a higher-resolution portrait before permanent installation if possible.,needs-review,no
dr-maria-pujana-2013,Dr. Maria Pujana,2013,/media/images/dr-maria-pujana-2013/primary.jpg,298,302,298 x 302,298,0.987,35546,34.7 KB,low-resolution-source,cover,low-resolution-source,Replace with a higher-resolution portrait before permanent installation if possible.,needs-review,no
jack-coyne-2013,Jack Coyne,2013,/media/images/jack-coyne-2013/primary.jpg,298,302,298 x 302,298,0.987,26292,25.7 KB,low-resolution-source,cover,low-resolution-source,Replace with a higher-resolution portrait before permanent installation if possible.,needs-review,no
josef-holzer-2013,Josef Holzer,2013,/media/images/josef-holzer-2013/primary.jpg,298,302,298 x 302,298,0.987,32881,32.1 KB,low-resolution-source,cover,low-resolution-source,Replace with a higher-resolution portrait before permanent installation if possible.,needs-review,no
nacy-panzica-2013,Nacy Panzica,2013,/media/images/nacy-panzica-2013/primary.jpg,298,302,298 x 302,298,0.987,25549,25.0 KB,low-resolution-source,cover,low-resolution-source,Replace with a higher-resolution portrait before permanent installation if possible.,needs-review,no
ratanjit-s-sondhe-2013,Ratanjit S. Sondhe,2013,/media/images/ratanjit-s-sondhe-2013/primary.jpg,298,302,298 x 302,298,0.987,30695,30.0 KB,low-resolution-source,cover,low-resolution-source,Replace with a higher-resolution portrait before permanent installation if possible.,needs-review,no
samuel-h-miller-2013,Samuel H. Miller,2013,/media/images/samuel-h-miller-2013/primary.jpg,298,302,298 x 302,298,0.987,25237,24.6 KB,low-resolution-source,cover,low-resolution-source,Replace with a higher-resolution portrait before permanent installation if possible.,needs-review,no
donna-hom-2014,Donna Hom,2014,/media/images/donna-hom-2014/primary.jpg,298,302,298 x 302,298,0.987,34013,33.2 KB,low-resolution-source,cover,low-resolution-source,Replace with a higher-resolution portrait before permanent installation if possible.,needs-review,no
ernie-mihaly-2014,Ernie Mihaly,2014,/media/images/ernie-mihaly-2014/primary.jpg,298,302,298 x 302,298,0.987,31305,30.6 KB,low-resolution-source,cover,low-resolution-source,Replace with a higher-resolution portrait before permanent installation if possible.,needs-review,no
eugene-bak-2014,Eugene Bak,2014,/media/images/eugene-bak-2014/primary.jpg,298,302,298 x 302,298,0.987,26070,25.5 KB,low-resolution-source,cover,low-resolution-source,Replace with a higher-resolution portrait before permanent installation if possible.,needs-review,no
jim-foster-2014,Jim Foster,2014,/media/images/jim-foster-2014/primary.jpg,298,302,298 x 302,298,0.987,25038,24.5 KB,low-resolution-source,cover,low-resolution-source,Replace with a higher-resolution portrait before permanent installation if possible.,needs-review,no
joseph-p-meissner-2014,Joseph P Meissner,2014,/media/images/joseph-p-meissner-2014/primary.jpg,298,302,298 x 302,298,0.987,25296,24.7 KB,low-resolution-source,cover,low-resolution-source,Replace with a higher-resolution portrait before permanent installation if possible.,needs-review,no
margaret-callander-2014,Margaret Callander,2014,/media/images/margaret-callander-2014/primary.jpg,298,302,298 x 302,298,0.987,27188,26.6 KB,low-resolution-source,cover,low-resolution-source,Replace with a higher-resolution portrait before permanent installation if possible.,needs-review,no
monte-ahuja-2014,Monte Ahuja,2014,/media/images/monte-ahuja-2014/primary.jpg,298,302,298 x 302,298,0.987,22466,21.9 KB,low-resolution-source,cover,low-resolution-source,Replace with a higher-resolution portrait before permanent installation if possible.,needs-review,no
thomas-j-scanlon-2014,Thomas J. Scanlon,2014,/media/images/thomas-j-scanlon-2014/primary.jpg,298,302,298 x 302,298,0.987,24296,23.7 KB,low-resolution-source,cover,low-resolution-source,Replace with a higher-resolution portrait before permanent installation if possible.,needs-review,no
bishop-anthony-pilla-2015,Bishop Anthony Pilla,2015,/media/images/bishop-anthony-pilla-2015/primary.jpg,298,302,298 x 302,298,0.987,78321,76.5 KB,low-resolution-source,cover,low-resolution-source,Replace with a higher-resolution portrait before permanent installation if possible.,needs-review,no
dick-pogue-2015,Dick Pogue,2015,/media/images/dick-pogue-2015/primary.jpg,298,302,298 x 302,298,0.987,31777,31.0 KB,low-resolution-source,cover,low-resolution-source,Replace with a higher-resolution portrait before permanent installation if possible.,needs-review,no
dick-russ-2015,Dick Russ,2015,/media/images/dick-russ-2015/primary.jpg,298,302,298 x 302,298,0.987,18700,18.3 KB,low-resolution-source,cover,low-resolution-source,Replace with a higher-resolution portrait before permanent installation if possible.,needs-review,no
honorable-jose-a-villanueva-2015,Honorable José A. Villanueva,2015,/media/images/honorable-jose-a-villanueva-2015/primary.jpg,298,302,298 x 302,298,0.987,44972,43.9 KB,low-resolution-source,cover,low-resolution-source,Replace with a higher-resolution portrait before permanent installation if possible.,needs-review,no
richard-a-ganim-2015,Richard A. Ganim,2015,/media/images/richard-a-ganim-2015/primary.jpg,298,302,298 x 302,298,0.987,26410,25.8 KB,low-resolution-source,cover,low-resolution-source,Replace with a higher-resolution portrait before permanent installation if possible.,needs-review,no
shiv-k-aggarwal-2015,Shiv K. Aggarwal,2015,/media/images/shiv-k-aggarwal-2015/primary.jpg,298,302,298 x 302,298,0.987,22452,21.9 KB,low-resolution-source,cover,low-resolution-source,Replace with a higher-resolution portrait before permanent installation if possible.,needs-review,no
steve-mulloy-2015,Steve Mulloy,2015,/media/images/steve-mulloy-2015/primary.jpg,298,302,298 x 302,298,0.987,25953,25.3 KB,low-resolution-source,cover,low-resolution-source,Replace with a higher-resolution portrait before permanent installation if possible.,needs-review,no
arnie-de-la-porte-2016-2016,Arnie de la Porte – 2016,2016,/media/images/arnie-de-la-porte-2016-2016/primary.jpg,1500,2118,1500 x 2118,1500,0.708,1362787,1.3 MB,high-resolution-source,cover,,Use generated display crops unless curator review identifies a better focal crop.,needs-review,no
carolyn-balogh-2016-2016,Carolyn Balogh – 2016,2016,/media/images/carolyn-balogh-2016-2016/primary.jpg,500,655,500 x 655,500,0.763,324883,317.3 KB,usable-source,cover,usable-but-small-source,Usable for prototype display; prioritize a higher-resolution source for final installation.,needs-review,no
eugenia-stolarczyk-2016-2016,Eugenia Stolarczyk – 2016,2016,/media/images/eugenia-stolarczyk-2016-2016/primary.jpg,500,753,500 x 753,500,0.664,249611,243.8 KB,usable-source,cover,usable-but-small-source,Usable for prototype display; prioritize a higher-resolution source for final installation.,needs-review,no
jack-kahl-2016,Jack Kahl,2016,/media/images/jack-kahl-2016/primary.jpg,500,691,500 x 691,500,0.724,333293,325.5 KB,usable-source,cover,usable-but-small-source,Usable for prototype display; prioritize a higher-resolution source for final installation.,needs-review,no
khalid-samad-2016-2016,Khalid Samad – 2016,2016,/media/images/khalid-samad-2016-2016/primary.jpg,500,500,500 x 500,500,1,165561,161.7 KB,usable-source,cover,usable-but-small-source,Usable for prototype display; prioritize a higher-resolution source for final installation.,needs-review,no
mohan-bafna-2016,Mohan Bafna,2016,/media/images/mohan-bafna-2016/primary.jpg,500,598,500 x 598,500,0.836,263004,256.8 KB,usable-source,cover,usable-but-small-source,Usable for prototype display; prioritize a higher-resolution source for final installation.,needs-review,no
rev-mikhail-mikhail-2016,Rev. Mikhail Mikhail,2016,/media/images/rev-mikhail-mikhail-2016/primary.jpg,500,776,500 x 776,500,0.644,447846,437.3 KB,usable-source,cover,usable-but-small-source,Usable for prototype display; prioritize a higher-resolution source for final installation.,needs-review,no
basil-russo-2017,Basil Russo,2017,/media/images/basil-russo-2017/primary.jpg,500,625,500 x 625,500,0.8,151808,148.3 KB,usable-source,cover,usable-but-small-source,Usable for prototype display; prioritize a higher-resolution source for final installation.,needs-review,no
bill-miller-2017,Bill Miller,2017,/media/images/bill-miller-2017/primary.jpg,500,733,500 x 733,500,0.682,223424,218.2 KB,usable-source,cover,usable-but-small-source,Usable for prototype display; prioritize a higher-resolution source for final installation.,needs-review,no
jim-craciun-2017,Jim Craciun,2017,/media/images/jim-craciun-2017/primary.jpg,500,719,500 x 719,500,0.695,223304,218.1 KB,usable-source,cover,usable-but-small-source,Usable for prototype display; prioritize a higher-resolution source for final installation.,needs-review,no
mona-alag-2017,Mona Alag,2017,/media/images/mona-alag-2017/primary.jpg,500,585,500 x 585,500,0.855,210635,205.7 KB,usable-source,cover,usable-but-small-source,Usable for prototype display; prioritize a higher-resolution source for final installation.,needs-review,no
sam-kim-2017,Sam Kim,2017,/media/images/sam-kim-2017/primary.jpg,500,618,500 x 618,500,0.809,104501,102.1 KB,usable-source,cover,usable-but-small-source,Usable for prototype display; prioritize a higher-resolution source for final installation.,needs-review,no
wael-khoury-2017,Wael Khoury,2017,/media/images/wael-khoury-2017/primary.jpg,500,550,500 x 550,500,0.909,82444,80.5 KB,usable-source,cover,usable-but-small-source,Usable for prototype display; prioritize a higher-resolution source for final installation.,needs-review,no
abby-mina-2018,Abby Mina,2018,/media/images/abby-mina-2018/primary.jpg,500,511,500 x 511,500,0.978,176588,172.4 KB,usable-source,cover,usable-but-small-source,Usable for prototype display; prioritize a higher-resolution source for final installation.,needs-review,no
atul-mehta-2018,Atul Mehta,2018,/media/images/atul-mehta-2018/primary.jpg,500,625,500 x 625,500,0.8,203997,199.2 KB,usable-source,cover,usable-but-small-source,Usable for prototype display; prioritize a higher-resolution source for final installation.,needs-review,no
ralph-perk-jr-2018,Ralph Perk Jr.,2018,/media/images/ralph-perk-jr-2018/primary.jpg,500,604,500 x 604,500,0.828,229615,224.2 KB,usable-source,cover,usable-but-small-source,Usable for prototype display; prioritize a higher-resolution source for final installation.,needs-review,no
ray-pianka-2018,Ray Pianka,2018,/media/images/ray-pianka-2018/primary.jpg,500,700,500 x 700,500,0.714,129538,126.5 KB,usable-source,cover,usable-but-small-source,Usable for prototype display; prioritize a higher-resolution source for final installation.,needs-review,no
sheila-murphy-crawford-2018,Sheila Murphy Crawford,2018,/media/images/sheila-murphy-crawford-2018/primary.jpg,500,610,500 x 610,500,0.82,215402,210.4 KB,usable-source,cover,usable-but-small-source,Usable for prototype display; prioritize a higher-resolution source for final installation.,needs-review,no
sister-alicia-alvarado-2018,Sister Alicia Alvarado,2018,/media/images/sister-alicia-alvarado-2018/primary.jpg,500,750,500 x 750,500,0.667,293539,286.7 KB,usable-source,cover,usable-but-small-source,Usable for prototype display; prioritize a higher-resolution source for final installation.,needs-review,no
akram-boutros-2019,Akram Boutros,2019,/media/images/akram-boutros-2019/primary.jpg,600,750,600 x 750,600,0.8,229902,224.5 KB,standard-source,cover,,Use generated display crops unless curator review identifies a better focal crop.,needs-review,no
ingrida-bublys-2019,Ingrida Bublys,2019,/media/images/ingrida-bublys-2019/primary.jpg,851,1024,851 x 1024,851,0.831,101582,99.2 KB,standard-source,cover,,Use generated display crops unless curator review identifies a better focal crop.,needs-review,no
marilyn-madigan-2019,Marilyn Madigan,2019,/media/images/marilyn-madigan-2019/primary.jpg,703,749,703 x 749,703,0.939,177415,173.3 KB,standard-source,cover,,Use generated display crops unless curator review identifies a better focal crop.,needs-review,no
paul-burik-2019,Paul Burik,2019,/media/images/paul-burik-2019/primary.jpg,500,692,500 x 692,500,0.723,227611,222.3 KB,usable-source,cover,usable-but-small-source,Usable for prototype display; prioritize a higher-resolution source for final installation.,needs-review,no
richard-fleischman-2019,Richard Fleischman,2019,/media/images/richard-fleischman-2019/primary.jpg,756,1024,756 x 1024,756,0.738,139622,136.3 KB,standard-source,cover,,Use generated display crops unless curator review identifies a better focal crop.,needs-review,no
sree-sreenath-2019,Sree Sreenath,2019,/media/images/sree-sreenath-2019/primary.jpg,711,1024,711 x 1024,711,0.694,96972,94.7 KB,standard-source,cover,,Use generated display crops unless curator review identifies a better focal crop.,needs-review,no
berj-shakarian-2020,Berj Shakarian,2020,/media/images/berj-shakarian-2020/primary.jpg,656,606,656 x 606,606,1.083,232302,226.9 KB,standard-source,cover,,Use generated display crops unless curator review identifies a better focal crop.,needs-review,no
joe-valencic-2020,Joe Valencic,2020,/media/images/joe-valencic-2020/primary.jpg,683,1024,683 x 1024,683,0.667,98344,96.0 KB,standard-source,cover,,Use generated display crops unless curator review identifies a better focal crop.,needs-review,no
margaret-lynch-2020,Margaret Lynch,2020,/media/images/margaret-lynch-2020/primary.jpg,836,1024,836 x 1024,836,0.816,156870,153.2 KB,standard-source,cover,,Use generated display crops unless curator review identifies a better focal crop.,needs-review,no
may-chen-2020,May Chen,2020,/media/images/may-chen-2020/primary.jpg,804,1024,804 x 1024,804,0.785,89667,87.6 KB,standard-source,cover,,Use generated display crops unless curator review identifies a better focal crop.,needs-review,no
ramesh-shah-2020,Ramesh Shah,2020,/media/images/ramesh-shah-2020/primary.jpg,741,713,741 x 713,713,1.039,402173,392.7 KB,standard-source,cover,,Use generated display crops unless curator review identifies a better focal crop.,needs-review,no
valarie-mccall-2020,Valarie McCall,2020,/media/images/valarie-mccall-2020/primary.jpg,214,320,214 x 320,214,0.669,34923,34.1 KB,low-resolution-source,cover,low-resolution-source,Replace with a higher-resolution portrait before permanent installation if possible.,needs-review,no
anda-cook-2022,Anda Cook,2022,/media/images/anda-cook-2022/primary.jpg,768,1024,768 x 1024,768,0.75,118106,115.3 KB,standard-source,cover,,Use generated display crops unless curator review identifies a better focal crop.,needs-review,no
carl-robson-2022,Carl Robson,2022,/media/images/carl-robson-2022/primary.jpg,400,513,400 x 513,400,0.78,27698,27.0 KB,usable-source,cover,usable-but-small-source,Usable for prototype display; prioritize a higher-resolution source for final installation.,needs-review,no
taras-szmagala-2022,Taras Szmagala,2022,/media/images/taras-szmagala-2022/primary.jpg,768,1024,768 x 1024,768,0.75,111569,109.0 KB,standard-source,cover,,Use generated display crops unless curator review identifies a better focal crop.,needs-review,no
victor-ruiz-2022,Victor Ruiz,2022,/media/images/victor-ruiz-2022/primary.png,819,1024,819 x 1024,819,0.8,1033707,1009.5 KB,standard-source,cover,,Use generated display crops unless curator review identifies a better focal crop.,needs-review,no
georgine-welo-2023,Georgine Welo,2023,/media/images/georgine-welo-2023/primary.jpg,500,625,500 x 625,500,0.8,88691,86.6 KB,usable-source,cover,usable-but-small-source,Usable for prototype display; prioritize a higher-resolution source for final installation.,needs-review,no
joyce-mariani-2023,Joyce Mariani,2023,/media/images/joyce-mariani-2023/primary.jpg,500,526,500 x 526,500,0.951,35087,34.3 KB,usable-source,cover,usable-but-small-source,Usable for prototype display; prioritize a higher-resolution source for final installation.,needs-review,no
michael-d-polensek-2023,Michael D. Polensek,2023,/media/images/michael-d-polensek-2023/primary.jpg,500,625,500 x 625,500,0.8,48535,47.4 KB,usable-source,cover,usable-but-small-source,Usable for prototype display; prioritize a higher-resolution source for final installation.,needs-review,no
pat-dowd-2023,Pat Dowd,2023,/media/images/pat-dowd-2023/primary.jpg,500,465,500 x 465,465,1.075,41773,40.8 KB,usable-source,cover,usable-but-small-source,Usable for prototype display; prioritize a higher-resolution source for final installation.,needs-review,no
pierre-bejjani-2023,Pierre Bejjani,2023,/media/images/pierre-bejjani-2023/primary.jpg,500,468,500 x 468,468,1.068,38153,37.3 KB,usable-source,cover,usable-but-small-source,Usable for prototype display; prioritize a higher-resolution source for final installation.,needs-review,no
sudarshan-sathe-2023,Sudarshan Sathe,2023,/media/images/sudarshan-sathe-2023/primary.jpg,500,591,500 x 591,500,0.846,77835,76.0 KB,usable-source,cover,usable-but-small-source,Usable for prototype display; prioritize a higher-resolution source for final installation.,needs-review,no
ambassador-edward-f-crawford-2024,Ambassador Edward F. Crawford,2024,/media/images/ambassador-edward-f-crawford-2024/primary.jpg,500,603,500 x 603,500,0.829,38245,37.3 KB,usable-source,cover,usable-but-small-source,Usable for prototype display; prioritize a higher-resolution source for final installation.,needs-review,no
dona-brady-2024,Dona Brady,2024,/media/images/dona-brady-2024/primary.jpg,500,701,500 x 701,500,0.713,224089,218.8 KB,usable-source,cover,usable-but-small-source,Usable for prototype display; prioritize a higher-resolution source for final installation.,needs-review,no
dr-eugene-jordan-2024,Dr. Eugene Jordan,2024,/media/images/dr-eugene-jordan-2024/primary.jpg,876,1024,876 x 1024,876,0.855,103233,100.8 KB,standard-source,cover,,Use generated display crops unless curator review identifies a better focal crop.,needs-review,no
erika-puussaar-2024,Erika Puussaar,2024,/media/images/erika-puussaar-2024/primary.jpg,500,625,500 x 625,500,0.8,223643,218.4 KB,usable-source,cover,usable-but-small-source,Usable for prototype display; prioritize a higher-resolution source for final installation.,needs-review,no
johnny-k-wu-2024,Johnny K. Wu,2024,/media/images/johnny-k-wu-2024/primary.jpg,500,622,500 x 622,500,0.804,117186,114.4 KB,usable-source,cover,usable-but-small-source,Usable for prototype display; prioritize a higher-resolution source for final installation.,needs-review,no
veronica-dahlberg-2024,Veronica Dahlberg,2024,/media/images/veronica-dahlberg-2024/primary.jpg,500,481,500 x 481,481,1.04,125580,122.6 KB,usable-source,cover,usable-but-small-source,Usable for prototype display; prioritize a higher-resolution source for final installation.,needs-review,no
beverly-kerecman-2025,Beverly Kerecman,2025,/media/images/beverly-kerecman-2025/primary.jpg,500,518,500 x 518,500,0.965,240637,235.0 KB,usable-source,cover,usable-but-small-source,Usable for prototype display; prioritize a higher-resolution source for final installation.,needs-review,no
branka-malinar-2025,Branka Malinar,2025,/media/images/branka-malinar-2025/primary.jpg,500,629,500 x 629,500,0.795,230025,224.6 KB,usable-source,cover,usable-but-small-source,Usable for prototype display; prioritize a higher-resolution source for final installation.,needs-review,no
david-gilbert-2025,David Gilbert,2025,/media/images/david-gilbert-2025/primary.jpg,618,609,618 x 609,609,1.015,192412,187.9 KB,standard-source,cover,,Use generated display crops unless curator review identifies a better focal crop.,needs-review,no
mayor-frank-jackson-2025,Mayor Frank Jackson,2025,/media/images/mayor-frank-jackson-2025/primary.jpg,500,625,500 x 625,500,0.8,213278,208.3 KB,usable-source,cover,usable-but-small-source,Usable for prototype display; prioritize a higher-resolution source for final installation.,needs-review,no
raj-aggarwal-2025,Raj Aggarwal,2025,/media/images/raj-aggarwal-2025/primary.jpg,500,536,500 x 536,500,0.933,184017,179.7 KB,usable-source,cover,usable-but-small-source,Usable for prototype display; prioritize a higher-resolution source for final installation.,needs-review,no
svetlana-stolyarova-2025,Svetlana Stolyarova,2025,/media/images/svetlana-stolyarova-2025/primary.jpg,500,667,500 x 667,500,0.75,128657,125.6 KB,usable-source,cover,usable-but-small-source,Usable for prototype display; prioritize a higher-resolution source for final installation.,needs-review,no
aklilu-demessie-2026,Aklilu Demessie,2026,/media/images/aklilu-demessie-2026/primary.jpg,500,906,500 x 906,500,0.552,276038,269.6 KB,usable-source,contain,tall-source|usable-but-small-source,Use neutral matte fit to avoid over-cropping; review for a custom curator-approved crop or replacement portrait.,needs-review,no
andy-chakalis-2026,Andy Chakalis,2026,/media/images/andy-chakalis-2026/primary.jpg,500,546,500 x 546,500,0.916,171119,167.1 KB,usable-source,cover,usable-but-small-source,Usable for prototype display; prioritize a higher-resolution source for final installation.,needs-review,no
andy-fedynsky-2026,Andy Fedynsky,2026,/media/images/andy-fedynsky-2026/primary.jpg,500,637,500 x 637,500,0.785,191633,187.1 KB,usable-source,cover,usable-but-small-source,Usable for prototype display; prioritize a higher-resolution source for final installation.,needs-review,no
catherine-jorgensen-mccutcheon-2026,Catherine Jorgensen McCutcheon,2026,/media/images/catherine-jorgensen-mccutcheon-2026/primary.jpg,500,455,500 x 455,455,1.099,194883,190.3 KB,usable-source,cover,usable-but-small-source,Usable for prototype display; prioritize a higher-resolution source for final installation.,needs-review,no
le-nguyen-2026,Le Nguyen,2026,/media/images/le-nguyen-2026/primary.jpg,500,667,500 x 667,500,0.75,262401,256.3 KB,usable-source,cover,usable-but-small-source,Usable for prototype display; prioritize a higher-resolution source for final installation.,needs-review,no
lucy-torres-2026,Lucy Torres,2026,/media/images/lucy-torres-2026/primary.jpg,500,582,500 x 582,500,0.859,295183,288.3 KB,usable-source,cover,usable-but-small-source,Usable for prototype display; prioritize a higher-resolution source for final installation.,needs-review,no
