reviewPriority,inducteeId,inducteeName,classYear,region,sourceProfileCount,primarySourceProfileUrl,profileAliasCount,newImageReviewCount,newProfileVideoReviewCount,newContextVideoReviewCount,relationshipReviewCount,placeReviewCount,organizationReviewCount,primaryStoryLeadCount,manualFlags,nextBestAction
high,aklilu-demessie-2026,Aklilu Demessie,2026,Africa,1,https://clevelandinternationalhalloffame.com/aklilu-demessie/,0,1,0,12,21,0,8,3,image-rights-review|video-context-review|relationship-review|organization-review|summary-approval-needed,Review new image leads for rights and portrait suitability.
high,andy-chakalis-2026,Andy Chakalis,2026,Europe,1,https://clevelandinternationalhalloffame.com/andy-chakalis/,0,1,0,3,7,1,5,3,image-rights-review|video-context-review|relationship-review|geography-review|organization-review|summary-approval-needed,Review new image leads for rights and portrait suitability.
high,andy-fedynsky-2026,Andy Fedynsky,2026,Europe,1,https://clevelandinternationalhalloffame.com/andy-fedynsky/,0,3,0,3,8,1,4,3,image-rights-review|video-context-review|relationship-review|geography-review|organization-review|summary-approval-needed,Review new image leads for rights and portrait suitability.
high,catherine-jorgensen-mccutcheon-2026,Catherine Jorgensen McCutcheon,2026,Europe,1,https://clevelandinternationalhalloffame.com/catherine-jorgensen-mccutcheon/,0,1,0,3,7,1,2,3,image-rights-review|video-context-review|relationship-review|geography-review|organization-review|summary-approval-needed,Review new image leads for rights and portrait suitability.
high,le-nguyen-2026,Le Nguyen,2026,Asia,2,https://clevelandinternationalhalloffame.com/le-nguyen-class-of-2026-vietnames-heritage-cleveland-international-hall-of-fame/,1,1,0,3,8,1,1,3,profile-alias-review|duplicate-source-pages|image-rights-review|video-context-review|relationship-review|geography-review|organization-review|summary-approval-needed,Review new image leads for rights and portrait suitability.
high,lucy-torres-2026,Lucy Torres,2026,North America,1,https://clevelandinternationalhalloffame.com/lucy-torres/,0,1,0,3,8,1,6,3,image-rights-review|video-context-review|relationship-review|geography-review|organization-review|summary-approval-needed,Review new image leads for rights and portrait suitability.
high,beverly-kerecman-2025,Beverly Kerecman,2025,Asia,1,https://clevelandinternationalhalloffame.com/beverly-kerecman/,0,13,0,4,5,2,9,3,image-rights-review|video-context-review|relationship-review|geography-review|organization-review|summary-approval-needed,Review new image leads for rights and portrait suitability.
high,branka-malinar-2025,Branka Malinar,2025,Europe,1,https://clevelandinternationalhalloffame.com/branka-malinar/,0,17,0,4,5,0,14,3,image-rights-review|video-context-review|relationship-review|organization-review|summary-approval-needed,Review new image leads for rights and portrait suitability.
high,david-gilbert-2025,David Gilbert,2025,North America,1,https://clevelandinternationalhalloffame.com/david-gilbert/,0,19,0,4,7,0,3,3,image-rights-review|video-context-review|relationship-review|organization-review|summary-approval-needed,Review new image leads for rights and portrait suitability.
high,mayor-frank-jackson-2025,Mayor Frank Jackson,2025,Africa,1,https://clevelandinternationalhalloffame.com/mayor-frank-jackson/,0,31,0,6,9,0,6,3,image-rights-review|video-context-review|relationship-review|organization-review|summary-approval-needed,Review new image leads for rights and portrait suitability.
high,raj-aggarwal-2025,Raj Aggarwal,2025,Asia,1,https://clevelandinternationalhalloffame.com/raj-aggarwal/,0,5,0,4,5,1,3,3,image-rights-review|video-context-review|relationship-review|geography-review|organization-review|summary-approval-needed,Review new image leads for rights and portrait suitability.
high,svetlana-stolyarova-2025,Svetlana Stolyarova,2025,Asia,1,https://clevelandinternationalhalloffame.com/svetlana-stolyarova/,0,30,0,4,9,1,0,3,image-rights-review|video-context-review|relationship-review|geography-review|summary-approval-needed,Review new image leads for rights and portrait suitability.
high,ambassador-edward-f-crawford-2024,Ambassador Edward F. Crawford,2024,Europe,1,https://clevelandinternationalhalloffame.com/inductees/ambassador-edward-f-crawford/,0,2,0,0,2,0,13,3,image-rights-review|relationship-review|organization-review|summary-approval-needed,Review new image leads for rights and portrait suitability.
high,dona-brady-2024,Dona Brady,2024,Europe,1,https://clevelandinternationalhalloffame.com/inductees/dona-brady/,0,4,0,0,6,2,5,3,image-rights-review|relationship-review|geography-review|organization-review|summary-approval-needed,Review new image leads for rights and portrait suitability.
high,dr-eugene-jordan-2024,Dr. Eugene Jordan,2024,Africa,1,https://clevelandinternationalhalloffame.com/inductees/dr-eugene-jordan/,0,5,0,0,5,0,4,3,image-rights-review|relationship-review|organization-review|summary-approval-needed,Review new image leads for rights and portrait suitability.
high,erika-puussaar-2024,Erika Puussaar,2024,Europe,1,https://clevelandinternationalhalloffame.com/inductees/erika-puussaar/,0,3,0,0,8,1,7,3,image-rights-review|relationship-review|geography-review|organization-review|summary-approval-needed,Review new image leads for rights and portrait suitability.
high,johnny-k-wu-2024,Johnny K. Wu,2024,Asia,1,https://clevelandinternationalhalloffame.com/inductees/johnny-k-wu/,0,4,0,0,7,0,5,3,image-rights-review|relationship-review|organization-review|summary-approval-needed,Review new image leads for rights and portrait suitability.
high,veronica-dahlberg-2024,Veronica Dahlberg,2024,North America,1,https://clevelandinternationalhalloffame.com/inductees/veronica-dahlberg/,0,4,0,0,5,0,3,3,image-rights-review|relationship-review|organization-review|summary-approval-needed,Review new image leads for rights and portrait suitability.
high,georgine-welo-2023,Georgine Welo,2023,Europe,1,https://clevelandinternationalhalloffame.com/georgine-welo/,0,4,0,9,6,0,40,3,image-rights-review|video-context-review|relationship-review|organization-review|summary-approval-needed,Review new image leads for rights and portrait suitability.
high,joyce-mariani-2023,Joyce Mariani,2023,Europe,1,https://clevelandinternationalhalloffame.com/joyce-mariani/,0,3,0,7,7,2,1,3,image-rights-review|video-context-review|relationship-review|geography-review|organization-review|summary-approval-needed,Review new image leads for rights and portrait suitability.
high,pat-dowd-2023,Pat Dowd,2023,Europe,1,https://clevelandinternationalhalloffame.com/pat-dowd/,0,4,0,2,16,0,7,3,image-rights-review|video-context-review|relationship-review|organization-review|summary-approval-needed,Review new image leads for rights and portrait suitability.
high,pierre-bejjani-2023,Pierre Bejjani,2023,Asia,1,https://clevelandinternationalhalloffame.com/pierre-bejjani/,0,5,0,14,21,1,6,3,image-rights-review|video-context-review|relationship-review|geography-review|organization-review|summary-approval-needed,Review new image leads for rights and portrait suitability.
high,sudarshan-sathe-2023,Sudarshan Sathe,2023,Asia,1,https://clevelandinternationalhalloffame.com/sudarshan-sathe/,0,3,0,22,25,1,0,3,image-rights-review|video-context-review|relationship-review|geography-review|summary-approval-needed,Review new image leads for rights and portrait suitability.
high,anda-cook-2022,Anda Cook,2022,Europe,1,https://clevelandinternationalhalloffame.com/anda-cook/,0,1,0,11,14,1,5,3,image-rights-review|video-context-review|relationship-review|geography-review|organization-review|summary-approval-needed,Review new image leads for rights and portrait suitability.
high,carl-robson-2022,Carl Robson,2022,Africa,1,https://clevelandinternationalhalloffame.com/carl-robson/,0,1,0,11,14,1,2,3,image-rights-review|video-context-review|relationship-review|geography-review|organization-review|summary-approval-needed,Review new image leads for rights and portrait suitability.
high,taras-szmagala-2022,Taras Szmagala,2022,Europe,1,https://clevelandinternationalhalloffame.com/taras-szmagala/,0,1,0,11,15,2,5,3,image-rights-review|video-context-review|relationship-review|geography-review|organization-review|summary-approval-needed,Review new image leads for rights and portrait suitability.
high,berj-shakarian-2020,Berj Shakarian,2020,Europe,1,https://clevelandinternationalhalloffame.com/berj-shakarian/,0,5,0,9,17,1,4,3,image-rights-review|video-context-review|relationship-review|geography-review|organization-review|summary-approval-needed,Review new image leads for rights and portrait suitability.
high,margaret-lynch-2020,Margaret Lynch,2020,Europe,1,https://clevelandinternationalhalloffame.com/margaret-lynch/,0,1,0,11,17,1,2,3,image-rights-review|video-context-review|relationship-review|geography-review|organization-review|summary-approval-needed,Review new image leads for rights and portrait suitability.
high,may-chen-2020,May Chen,2020,Asia,1,https://clevelandinternationalhalloffame.com/may-chen/,0,3,0,9,15,1,2,3,image-rights-review|video-context-review|relationship-review|geography-review|organization-review|summary-approval-needed,Review new image leads for rights and portrait suitability.
high,ramesh-shah-2020,Ramesh Shah,2020,Asia,2,https://clevelandinternationalhalloffame.com/ramesh-shah/,1,12,0,16,21,1,1,3,profile-alias-review|duplicate-source-pages|image-rights-review|video-context-review|relationship-review|geography-review|organization-review|summary-approval-needed,Review new image leads for rights and portrait suitability.
high,akram-boutros-2019,Akram Boutros,2019,Africa,1,https://clevelandinternationalhalloffame.com/akram-boutros/,0,8,0,6,1,1,13,3,image-rights-review|video-context-review|relationship-review|geography-review|organization-review|summary-approval-needed,Review new image leads for rights and portrait suitability.
high,ingrida-bublys-2019,Ingrida Bublys,2019,Europe,1,https://clevelandinternationalhalloffame.com/ingrida-bublys/,0,14,0,10,25,1,1,3,image-rights-review|video-context-review|relationship-review|geography-review|organization-review|summary-approval-needed,Review new image leads for rights and portrait suitability.
high,marilyn-madigan-2019,Marilyn Madigan,2019,Europe,1,https://clevelandinternationalhalloffame.com/marilyn-madigan/,0,6,0,6,2,0,8,3,image-rights-review|video-context-review|relationship-review|organization-review|summary-approval-needed,Review new image leads for rights and portrait suitability.
high,paul-burik-2019,Paul Burik,2019,Europe,1,https://clevelandinternationalhalloffame.com/paul-burik/,0,8,0,19,28,0,5,3,image-rights-review|video-context-review|relationship-review|organization-review|summary-approval-needed,Review new image leads for rights and portrait suitability.
high,richard-fleischman-2019,Richard Fleischman,2019,Europe,1,https://clevelandinternationalhalloffame.com/richard-fleischman/,0,8,0,8,9,0,3,3,image-rights-review|video-context-review|relationship-review|organization-review|summary-approval-needed,Review new image leads for rights and portrait suitability.
high,sree-sreenath-2019,Sree Sreenath,2019,Asia,1,https://clevelandinternationalhalloffame.com/sree-sreenath/,0,12,0,6,2,1,9,3,image-rights-review|video-context-review|relationship-review|geography-review|organization-review|summary-approval-needed,Review new image leads for rights and portrait suitability.
high,abby-mina-2018,Abby Mina,2018,Asia,1,https://clevelandinternationalhalloffame.com/inductees-asia/abby-mina/,0,11,0,0,2,0,8,3,image-rights-review|relationship-review|organization-review|summary-approval-needed,Review new image leads for rights and portrait suitability.
high,atul-mehta-2018,Atul Mehta,2018,Asia,1,https://clevelandinternationalhalloffame.com/inductees-asia/atul-mehta/,0,15,0,10,8,2,2,3,image-rights-review|video-context-review|relationship-review|geography-review|organization-review|summary-approval-needed,Review new image leads for rights and portrait suitability.
high,ralph-perk-jr-2018,Ralph Perk Jr.,2018,Europe,1,https://clevelandinternationalhalloffame.com/inductees-europe/ralph-perk-jr/,0,14,0,0,5,0,6,3,image-rights-review|relationship-review|organization-review|summary-approval-needed,Review new image leads for rights and portrait suitability.
high,ray-pianka-2018,Ray Pianka,2018,Europe,1,https://clevelandinternationalhalloffame.com/inductees-europe/ray-pianka/,0,13,0,12,5,0,5,3,image-rights-review|video-context-review|relationship-review|organization-review|summary-approval-needed,Review new image leads for rights and portrait suitability.
high,sheila-murphy-crawford-2018,Sheila Murphy Crawford,2018,Europe,1,https://clevelandinternationalhalloffame.com/inductees-europe/sheila-murphy-crawford/,0,10,0,12,8,2,10,3,image-rights-review|video-context-review|relationship-review|geography-review|organization-review|summary-approval-needed,Review new image leads for rights and portrait suitability.
high,sister-alicia-alvarado-2018,Sister Alicia Alvarado,2018,North America,1,https://clevelandinternationalhalloffame.com/inductees-south-america/sister-alicia-alvarado/,0,17,0,12,5,1,9,3,image-rights-review|video-context-review|relationship-review|geography-review|organization-review|summary-approval-needed,Review new image leads for rights and portrait suitability.
high,basil-russo-2017,Basil Russo,2017,Europe,1,https://clevelandinternationalhalloffame.com/inductees-europe/basil-russo/,0,7,0,11,12,0,6,3,image-rights-review|video-context-review|relationship-review|organization-review|summary-approval-needed,Review new image leads for rights and portrait suitability.
high,bill-miller-2017,Bill Miller,2017,Europe,1,https://clevelandinternationalhalloffame.com/inductees-europe/bill-miller/,0,11,0,0,2,0,1,3,image-rights-review|relationship-review|organization-review|summary-approval-needed,Review new image leads for rights and portrait suitability.
high,jim-craciun-2017,Jim Craciun,2017,Europe,1,https://clevelandinternationalhalloffame.com/inductees-europe/jim-craciun/,1,8,0,6,7,1,6,3,profile-alias-review|image-rights-review|video-context-review|relationship-review|geography-review|organization-review|summary-approval-needed,Review new image leads for rights and portrait suitability.
high,mona-alag-2017,Mona Alag,2017,Asia,1,https://clevelandinternationalhalloffame.com/inductees/mona-alag/,1,11,0,6,23,0,0,3,profile-alias-review|image-rights-review|video-context-review|relationship-review|summary-approval-needed,Review new image leads for rights and portrait suitability.
high,sam-kim-2017,Sam Kim,2017,Asia,1,https://clevelandinternationalhalloffame.com/inductees-asia/sam-kim/,1,8,0,0,2,0,3,3,profile-alias-review|image-rights-review|relationship-review|organization-review|summary-approval-needed,Review new image leads for rights and portrait suitability.
high,wael-khoury-2017,Wael Khoury,2017,Asia,1,https://clevelandinternationalhalloffame.com/inductees-asia/wael-khoury/,1,7,0,14,17,0,11,2,profile-alias-review|image-rights-review|video-context-review|relationship-review|organization-review|summary-approval-needed,Review new image leads for rights and portrait suitability.
high,arnie-de-la-porte-2016-2016,Arnie de la Porte – 2016,2016,Europe,1,https://clevelandinternationalhalloffame.com/arnie-de-la-porte-2016/,0,3,0,0,2,0,6,3,image-rights-review|relationship-review|organization-review|summary-approval-needed,Review new image leads for rights and portrait suitability.
high,carolyn-balogh-2016-2016,Carolyn Balogh – 2016,2016,Europe,2,https://clevelandinternationalhalloffame.com/carolyn-balogh-2016/,1,4,0,0,3,2,8,3,profile-alias-review|duplicate-source-pages|image-rights-review|relationship-review|geography-review|organization-review|summary-approval-needed,Review new image leads for rights and portrait suitability.
high,eugenia-stolarczyk-2016-2016,Eugenia Stolarczyk – 2016,2016,Europe,2,https://clevelandinternationalhalloffame.com/eugenia-stolarczyk-2016/,1,5,0,0,2,0,5,3,profile-alias-review|duplicate-source-pages|image-rights-review|relationship-review|organization-review|summary-approval-needed,Review new image leads for rights and portrait suitability.
high,jack-kahl-2016,Jack Kahl,2016,Europe,2,https://clevelandinternationalhalloffame.com/jack-kahl-2016/,1,6,0,4,13,0,4,3,profile-alias-review|duplicate-source-pages|image-rights-review|video-context-review|relationship-review|organization-review|summary-approval-needed,Review new image leads for rights and portrait suitability.
high,khalid-samad-2016-2016,Khalid Samad – 2016,2016,Africa,2,https://clevelandinternationalhalloffame.com/khalid-samad-2016/,1,4,0,0,2,0,3,3,profile-alias-review|duplicate-source-pages|image-rights-review|relationship-review|organization-review|summary-approval-needed,Review new image leads for rights and portrait suitability.
high,mohan-bafna-2016,Mohan Bafna,2016,Asia,2,https://clevelandinternationalhalloffame.com/mohan-bafna-2016/,1,3,0,2,6,1,11,3,profile-alias-review|duplicate-source-pages|image-rights-review|video-context-review|relationship-review|geography-review|organization-review|summary-approval-needed,Review new image leads for rights and portrait suitability.
high,rev-mikhail-mikhail-2016,Rev. Mikhail Mikhail,2016,Africa,2,https://clevelandinternationalhalloffame.com/induction-event-info/rev-mikhail-mikhail/,2,18,0,4,7,1,2,3,profile-alias-review|duplicate-source-pages|image-rights-review|video-context-review|relationship-review|geography-review|organization-review|summary-approval-needed,Review new image leads for rights and portrait suitability.
medium,valarie-mccall-2020,Valarie McCall,2020,North America,1,https://clevelandinternationalhalloffame.com/valarie-mccall/,0,1,0,14,21,0,12,3,image-rights-review|video-context-review|relationship-review|organization-review|summary-approval-needed,Review new image leads for rights and portrait suitability.
medium,honorable-jose-a-villanueva-2015,Honorable José A. Villanueva,2015,North America,1,https://clevelandinternationalhalloffame.com/honorable-jose-a-villanueva-2015/,0,0,0,0,5,0,10,3,relationship-review|organization-review|summary-approval-needed,Review relationship evidence and labels.
medium,ernie-mihaly-2014,Ernie Mihaly,2014,Europe,1,https://clevelandinternationalhalloffame.com/ernie-mihaly-2014/,0,0,0,8,9,0,5,3,video-context-review|relationship-review|organization-review|summary-approval-needed,Review relationship evidence and labels.
medium,dr-maria-pujana-2013,Dr. Maria Pujana,2013,South America,1,https://clevelandinternationalhalloffame.com/maria-pujana-2013/,0,0,0,0,7,0,10,3,relationship-review|organization-review|summary-approval-needed,Review relationship evidence and labels.
medium,jose-c-feliciano-2012,José C. Feliciano,2012,North America,1,https://clevelandinternationalhalloffame.com/jose-feliciano-2012/,0,0,0,0,2,0,20,3,relationship-review|organization-review|summary-approval-needed,Review relationship evidence and labels.
medium,albert-b-ratner-2011,Albert B. Ratner,2011,Europe,1,https://clevelandinternationalhalloffame.com/albert-b-ratner-2011/,0,0,0,2,9,0,7,3,video-context-review|relationship-review|organization-review|summary-approval-needed,Review relationship evidence and labels.
medium,ralph-j-perk-2011,Ralph J. Perk,2011,Europe,1,https://clevelandinternationalhalloffame.com/mayor-ralph-perk-2011/,1,0,0,0,1,0,0,3,profile-alias-review|relationship-review|summary-approval-needed,Confirm alternate source profile URLs.
medium,alex-machaskee-2010,Alex Machaskee,2010,Europe,1,https://clevelandinternationalhalloffame.com/alex-machaskee-2010/,0,0,0,28,38,0,7,3,video-context-review|relationship-review|organization-review|summary-approval-needed,Review relationship evidence and labels.
medium,august-pust-2010,August Pust,2010,Europe,1,https://clevelandinternationalhalloffame.com/august-pust-2010/,0,0,0,14,23,0,5,3,video-context-review|relationship-review|organization-review|summary-approval-needed,Review relationship evidence and labels.
medium,margaret-w-wong-2010,Margaret W. Wong,2010,Asia,1,https://clevelandinternationalhalloffame.com/margaret-w-wong-2010/,0,0,0,13,30,0,10,3,video-context-review|relationship-review|organization-review|summary-approval-needed,Review relationship evidence and labels.
standard,michael-d-polensek-2023,Michael D. Polensek,2023,Europe,1,https://clevelandinternationalhalloffame.com/michael-d-polensek/,0,7,0,0,3,0,7,3,image-rights-review|relationship-review|organization-review|summary-approval-needed,Review new image leads for rights and portrait suitability.
standard,victor-ruiz-2022,Victor Ruiz,2022,North America,1,https://clevelandinternationalhalloffame.com/victor-ruiz/,0,1,0,9,14,1,3,3,image-rights-review|video-context-review|relationship-review|geography-review|organization-review|summary-approval-needed,Review new image leads for rights and portrait suitability.
standard,joe-valencic-2020,Joe Valencic,2020,Europe,1,https://clevelandinternationalhalloffame.com/joe-valencic/,0,1,0,9,15,0,7,3,image-rights-review|video-context-review|relationship-review|organization-review|summary-approval-needed,Review new image leads for rights and portrait suitability.
standard,bishop-anthony-pilla-2015,Bishop Anthony Pilla,2015,Europe,1,https://clevelandinternationalhalloffame.com/bishop-anthony-pilla-2015/,0,0,0,2,9,1,3,3,video-context-review|relationship-review|geography-review|organization-review|summary-approval-needed,Review relationship evidence and labels.
standard,dick-pogue-2015,Dick Pogue,2015,Europe,1,https://clevelandinternationalhalloffame.com/richard-pogue-2015/,0,0,0,2,14,0,14,3,video-context-review|relationship-review|organization-review|summary-approval-needed,Review relationship evidence and labels.
standard,dick-russ-2015,Dick Russ,2015,Europe,1,https://clevelandinternationalhalloffame.com/dick-russ-2015/,0,0,0,4,29,0,11,3,video-context-review|relationship-review|organization-review|summary-approval-needed,Review relationship evidence and labels.
standard,richard-a-ganim-2015,Richard A. Ganim,2015,Asia,1,https://clevelandinternationalhalloffame.com/richard-ganim-2015/,0,0,0,0,5,1,4,3,relationship-review|geography-review|organization-review|summary-approval-needed,Review relationship evidence and labels.
standard,shiv-k-aggarwal-2015,Shiv K. Aggarwal,2015,Asia,1,https://clevelandinternationalhalloffame.com/shiv-k-aggarwal-2015/,0,0,0,0,6,1,4,3,relationship-review|geography-review|organization-review|summary-approval-needed,Review relationship evidence and labels.
standard,steve-mulloy-2015,Steve Mulloy,2015,Europe,1,https://clevelandinternationalhalloffame.com/steve-mulloy-2015/,0,0,0,2,7,0,4,3,video-context-review|relationship-review|organization-review|summary-approval-needed,Review relationship evidence and labels.
standard,donna-hom-2014,Donna Hom,2014,Asia,1,https://clevelandinternationalhalloffame.com/donna-hom-2014/,0,0,0,2,8,0,0,3,video-context-review|relationship-review|summary-approval-needed,Review relationship evidence and labels.
standard,eugene-bak-2014,Eugene Bak,2014,Europe,1,https://clevelandinternationalhalloffame.com/eugene-bak-2014/,0,0,0,0,8,0,6,3,relationship-review|organization-review|summary-approval-needed,Review relationship evidence and labels.
standard,jim-foster-2014,Jim Foster,2014,Europe,1,https://clevelandinternationalhalloffame.com/jim-foster-2014/,0,0,0,0,8,0,1,3,relationship-review|organization-review|summary-approval-needed,Review relationship evidence and labels.
standard,joseph-p-meissner-2014,Joseph P Meissner,2014,Europe,1,https://clevelandinternationalhalloffame.com/joseph-p-meissner-2014/,0,0,0,0,0,0,13,3,organization-review|summary-approval-needed,Review organization mentions.
standard,margaret-callander-2014,Margaret Callander,2014,Europe,1,https://clevelandinternationalhalloffame.com/margaret-callander-2014/,0,0,0,2,8,0,9,3,video-context-review|relationship-review|organization-review|summary-approval-needed,Review relationship evidence and labels.
standard,monte-ahuja-2014,Monte Ahuja,2014,Asia,1,https://clevelandinternationalhalloffame.com/monte-ahuja-2014/,0,0,0,0,8,0,9,2,relationship-review|organization-review|summary-approval-needed,Review relationship evidence and labels.
standard,thomas-j-scanlon-2014,Thomas J. Scanlon,2014,Europe,1,https://clevelandinternationalhalloffame.com/thomas-j-scanlon-2014/,0,0,0,0,8,0,11,3,relationship-review|organization-review|summary-approval-needed,Review relationship evidence and labels.
standard,bishop-a-edward-pevec-2013,Bishop A. Edward Pevec,2013,Europe,1,https://clevelandinternationalhalloffame.com/bishop-a-edward-pevec-2013/,0,0,0,2,1,1,7,3,video-context-review|relationship-review|geography-review|organization-review|summary-approval-needed,Review relationship evidence and labels.
standard,jack-coyne-2013,Jack Coyne,2013,Europe,1,https://clevelandinternationalhalloffame.com/john-jack-coyne-2013/,0,0,0,0,0,1,9,3,geography-review|organization-review|summary-approval-needed,Review place evidence with geography safeguards.
standard,josef-holzer-2013,Josef Holzer,2013,Europe,1,https://clevelandinternationalhalloffame.com/joseph-holzer-2013/,0,0,0,0,0,0,3,3,organization-review|summary-approval-needed,Review organization mentions.
standard,nacy-panzica-2013,Nacy Panzica,2013,Europe,1,https://clevelandinternationalhalloffame.com/nacy-panzica-2013/,0,0,0,4,2,0,2,1,video-context-review|relationship-review|organization-review|summary-approval-needed,Review relationship evidence and labels.
standard,ratanjit-s-sondhe-2013,Ratanjit S. Sondhe,2013,Asia,1,https://clevelandinternationalhalloffame.com/ratanjit-sondhe-2013/,0,0,0,0,0,0,3,3,organization-review|summary-approval-needed,Review organization mentions.
standard,samuel-h-miller-2013,Samuel H. Miller,2013,Europe,1,https://clevelandinternationalhalloffame.com/sam-miller-2013/,0,0,0,0,2,0,11,3,relationship-review|organization-review|summary-approval-needed,Review relationship evidence and labels.
standard,anthony-yen-yan-yuan-tai-2012,Anthony Yen (Yan Yuan Tai),2012,Asia,1,https://clevelandinternationalhalloffame.com/anthony-yen-2012/,0,0,0,0,0,0,25,3,organization-review|summary-approval-needed,Review organization mentions.
standard,dr-jaya-shah-2012,Dr. Jaya Shah,2012,Asia,1,https://clevelandinternationalhalloffame.com/dr-jaya-shah-2012/,0,0,0,2,9,1,3,3,video-context-review|relationship-review|geography-review|organization-review|summary-approval-needed,Review relationship evidence and labels.
standard,fr-jim-o-donnell-2012,Fr. Jim O’Donnell,2012,Europe,1,https://clevelandinternationalhalloffame.com/fr-jim-odonnell-2012/,0,0,0,0,0,0,0,2,summary-approval-needed,Rewrite and approve concise summary/context.
standard,hon-mary-rose-oakar-2012,Hon. Mary Rose Oakar,2012,Asia,1,https://clevelandinternationalhalloffame.com/rep-mary-rose-oakar-2012/,0,0,0,0,0,0,16,3,organization-review|summary-approval-needed,Review organization mentions.
standard,ken-kovach-2012,Ken Kovach,2012,Europe,1,https://clevelandinternationalhalloffame.com/ken-kovach-2012/,0,0,0,12,16,0,16,3,video-context-review|relationship-review|organization-review|summary-approval-needed,Review relationship evidence and labels.
standard,milton-maltz-2012,Milton Maltz,2012,Europe,1,https://clevelandinternationalhalloffame.com/milton-maltz-2012/,0,0,0,2,7,0,6,3,video-context-review|relationship-review|organization-review|summary-approval-needed,Review relationship evidence and labels.
standard,vladimir-rus-2012,Vladimir Rus,2012,Europe,1,https://clevelandinternationalhalloffame.com/vladimir-rus-2012/,0,0,0,4,7,1,17,3,video-context-review|relationship-review|geography-review|organization-review|summary-approval-needed,Review relationship evidence and labels.
standard,gerald-m-quinn-2011,Gerald M. Quinn,2011,Europe,1,https://clevelandinternationalhalloffame.com/gerald-m-quinn-2011/,0,0,0,2,7,0,2,3,video-context-review|relationship-review|organization-review|summary-approval-needed,Review relationship evidence and labels.
standard,giahoa-ryan-2011,Giahoa Ryan,2011,Asia,1,https://clevelandinternationalhalloffame.com/giahoa-ryan-2011/,0,0,0,2,7,0,2,3,video-context-review|relationship-review|organization-review|summary-approval-needed,Review relationship evidence and labels.
standard,lucretia-stoica-2011,Lucretia Stoica,2011,Europe,1,https://clevelandinternationalhalloffame.com/lucretia-stoica-2011/,0,0,0,4,7,0,7,3,video-context-review|relationship-review|organization-review|summary-approval-needed,Review relationship evidence and labels.
standard,luis-martinez-2011,Luis Martinez,2011,North America,1,https://clevelandinternationalhalloffame.com/luis-martinez-2011/,0,0,0,2,7,0,5,3,video-context-review|relationship-review|organization-review|summary-approval-needed,Review relationship evidence and labels.
standard,reverend-dr-otis-moss-jr-2011,"Reverend Dr. Otis Moss, Jr.",2011,Africa,1,https://clevelandinternationalhalloffame.com/reverend-dr-otis-moss-jr-2011/,0,0,0,0,0,0,15,3,organization-review|summary-approval-needed,Review organization mentions.
standard,tony-petkovsek-2011,Tony Petkovsek,2011,Europe,1,https://clevelandinternationalhalloffame.com/tony-petkovsek-2011/,0,0,0,4,8,0,5,3,video-context-review|relationship-review|organization-review|summary-approval-needed,Review relationship evidence and labels.
standard,vijaya-l-emani-2011,Vijaya L. Emani,2011,Asia,1,https://clevelandinternationalhalloffame.com/vijaya-l-emani-2011/,0,0,0,4,7,0,4,3,video-context-review|relationship-review|organization-review|summary-approval-needed,Review relationship evidence and labels.
standard,dr-dieu-thuc-do-2010,Dr. Dieu Thuc Do,2010,Asia,1,https://clevelandinternationalhalloffame.com/dr-dieu-thuc-do-2010/,0,0,0,10,15,0,4,3,video-context-review|relationship-review|organization-review|summary-approval-needed,Review relationship evidence and labels.
standard,helen-karpinski-1899-2002-2010,Helen Karpinski (1899 – 2002),2010,Europe,1,https://clevelandinternationalhalloffame.com/helen-karpinski-2010/,0,0,0,0,0,0,4,3,organization-review|summary-approval-needed,Review organization mentions.
standard,irene-morrow-2010,Irene Morrow,2010,Europe,1,https://clevelandinternationalhalloffame.com/irene-morrow-2010/,0,0,0,10,18,0,3,3,video-context-review|relationship-review|organization-review|summary-approval-needed,Review relationship evidence and labels.
standard,jeanette-grasselli-brown-2010,Jeanette Grasselli Brown,2010,Europe,1,https://clevelandinternationalhalloffame.com/jeanette-grasselli-brown-2010/,0,0,0,2,15,0,12,3,video-context-review|relationship-review|organization-review|summary-approval-needed,Review relationship evidence and labels.
standard,leo-weidenthal-2010,Leo Weidenthal,2010,Asia,1,https://clevelandinternationalhalloffame.com/leo-weidenthal-2010/,0,0,0,10,16,0,1,3,video-context-review|relationship-review|organization-review|summary-approval-needed,Review relationship evidence and labels.
standard,lonnie-mccauley-2010,Lonnie McCauley,2010,Europe,1,https://clevelandinternationalhalloffame.com/lonnie-mccauley-2010/,0,0,0,10,15,0,8,3,video-context-review|relationship-review|organization-review|summary-approval-needed,Review relationship evidence and labels.
standard,paramjit-singh-2010,Paramjit Singh,2010,Asia,1,https://clevelandinternationalhalloffame.com/paramjit-singh-2010/,0,0,0,10,17,0,8,3,video-context-review|relationship-review|organization-review|summary-approval-needed,Review relationship evidence and labels.
standard,paul-sciria-2010,Paul Sciria,2010,Europe,1,https://clevelandinternationalhalloffame.com/paul-sciria-2010/,0,0,0,10,15,0,2,3,video-context-review|relationship-review|organization-review|summary-approval-needed,Review relationship evidence and labels.
standard,robert-j-haas-2010,Robert J. Haas,2010,Europe,1,https://clevelandinternationalhalloffame.com/robert-j-haas-2010/,0,0,0,2,15,1,1,3,video-context-review|relationship-review|geography-review|organization-review|summary-approval-needed,Review relationship evidence and labels.
standard,senator-george-voinovich-2010,Senator George Voinovich,2010,Europe,1,https://clevelandinternationalhalloffame.com/senator-george-voinovich-2010/,0,0,0,8,0,0,3,3,video-context-review|organization-review|summary-approval-needed,Review organization mentions.
