reviewAction,sourceKind,title,sourcePageUrl,primaryClassYearCandidates,allClassYearCandidates,imageCount,attachedMediaCount,youtubeVideoIds,mentionedInducteeCount,confidence
review-as-class-source,class-or-ceremony-page,2016 Class of the Cleveland International Hall of Fame,https://clevelandinternationalhalloffame.com/induction-class-2016/,2016,2015|2016,8,6,,5,0.78
review-as-class-source,class-or-ceremony-page,2018 Induction,https://clevelandinternationalhalloffame.com/2018-induction/,2018,2018|2019,24,24,Pg4Uqs_wZRY|o_9k7ZtTvas|_uTf8G8a6b0|YCV-PL-GOuk|bsoEDM5cG2s,4,0.78
review-as-class-source,photo-gallery,2018 Inductions Photo Page,https://clevelandinternationalhalloffame.com/2018-inductions-photo-page/,2018,2018,62,96,,7,0.78
review-as-class-source,class-or-ceremony-page,2019 Induction Ceremony,https://clevelandinternationalhalloffame.com/2019-induction-ceremony/,2019,2010|2019,19,20,Ssb2SQ6HPoo|vwTIgQpdBEo|w2Xq5luKGCU|lHHN_zd8O8k|_ifygk1bw5Q|eCOSePkWnFY,20,0.78
review-as-class-source,photo-gallery,2019 Inductions Photo Page,https://clevelandinternationalhalloffame.com/2019-inductions-photo-page/,2019,2019,65,69,,0,0.78
review-as-class-source,class-or-ceremony-page,2023 Induction Ceremony,https://clevelandinternationalhalloffame.com/2023-induction-ceremony/,2023,2023|2024,15,16,yR18WkgJ_tQ|7im99WF6Sfw|DhCiFpCsGFk|RImDK_lpjFM|EtHbvT_s4NY|ynzDfs0graM|lF42eHsGdFc,6,0.78
review-as-class-source,class-or-ceremony-page,2023 Inductions People Page,https://clevelandinternationalhalloffame.com/2023-inductions-people-page/,2023,2023,92,100,,0,0.78
review-as-class-source,class-or-ceremony-page,2024 Induction Ceremony,https://clevelandinternationalhalloffame.com/2024-inductions/,2024,2010|2024,17,0,P34omi5XUiY,5,0.78
review-as-class-source,class-or-ceremony-page,2024 Induction Ceremony Details,https://clevelandinternationalhalloffame.com/2024-details/,2024,2011|2024,6,0,I133bhcNqgo|P34omi5XUiY,40,0.78
review-as-class-source,photo-gallery,2024 Photo Page,https://clevelandinternationalhalloffame.com/2024-photo-page/,2024,2024,69,69,,0,0.78
review-as-class-source,class-or-ceremony-page,2025 Induction Ceremony,https://clevelandinternationalhalloffame.com/2025-induction-ceremony/,2025,2025,29,30,S6l7MKK7RWg|63hL5GG_0dA|XJbjDVgzCzc|HQz1pWe_-wM,5,0.78
review-as-class-source,photo-gallery,2025 Photo Page,https://clevelandinternationalhalloffame.com/cleveland-international-hall-of-fame-photo-page/,2025,2024|2025,48,51,,0,0.78
review-as-class-source,class-or-ceremony-page,2026 Class and Inductions,https://clevelandinternationalhalloffame.com/2026-class-and-inductions/,2026,2010|2026,27,5,Pyty_Fo8cFs|eWsy8Ctigm0|e-wqDqAmYP8,7,0.78
review-as-class-source,photo-gallery,2026 Hall of Fame Photo Page,https://clevelandinternationalhalloffame.com/2026-hall-of-fame-photo-page/,2026,2026,41,0,,7,0.78
review-as-class-source,class-or-ceremony-page,Cleveland International Hall of Fame Class of 2015,https://clevelandinternationalhalloffame.com/induction-class-2015/,2015,2015,8,0,,6,0.78
review-as-class-source,class-or-ceremony-page,Cleveland International Hall of Fame Class of 2018,https://clevelandinternationalhalloffame.com/induction-class-2018/,2018,2018,22,1,Pg4Uqs_wZRY|o_9k7ZtTvas|_uTf8G8a6b0|YCV-PL-GOuk|bsoEDM5cG2s,5,0.78
review-as-class-source,class-or-ceremony-page,Induction Class 2010,https://clevelandinternationalhalloffame.com/induction-class-2010/,2010,2010,15,0,Do7atH9353s|jE7WSnYhKN0,16,0.78
review-as-class-source,class-or-ceremony-page,Induction Class 2011,https://clevelandinternationalhalloffame.com/induction-class-2011/,2011,2011,11,0,A_IJEnnuyYg|rlg546_0pC4,8,0.78
review-as-class-source,class-or-ceremony-page,Induction Class 2012,https://clevelandinternationalhalloffame.com/induction-class-2012/,2012,2012,10,0,b3EUjRTsbQI|a0gi3EmNU00,8,0.78
review-as-class-source,class-or-ceremony-page,Induction Class 2013,https://clevelandinternationalhalloffame.com/induction-class-2013/,2013,2013,9,0,mrnRSQgQi1k|LLkc_JGAW6M,2,0.78
review-as-class-source,class-or-ceremony-page,Induction Class 2014,https://clevelandinternationalhalloffame.com/induction-class-2014/,2014,2014,8,0,,9,0.78
review-as-class-source,class-or-ceremony-page,Induction Class 2017,https://clevelandinternationalhalloffame.com/induction-class-2017/,2017,2017,16,1,NcCM_1SAQek|wBzBVH4kBkg|14YLHrGlU-4|IblVlQoTrtc,6,0.78
class-source-needs-review,class-or-ceremony-page,2020/2022 Induction Ceremony,https://clevelandinternationalhalloffame.com/2020-2022-induction-ceremony/,2020|2022,2010|2011|2020|2021|2022,16,0,_JXBIYSnWB0|YDThFb2kPdA|zWJEroGvQUg|EfAP31kBlsM|XrKxMkfQALI|ovFsNwqqQNc|36YHkoqo-Fk|EZ92Q341gm4|MzvxeSsag0w,15,0.44
class-source-needs-review,photo-gallery,2020/2022 Photo Page,https://clevelandinternationalhalloffame.com/2020-2022-photo-page/,2020|2022,2020|2022,63,6,,8,0.44
class-source-needs-review,news-or-event-post,Cleveland International Hall of Fame at GiveCamp,https://clevelandinternationalhalloffame.com/2015/07/cleveland-international-hall-of-fame-at-givecamp/,,2015,2,1,,5,0.44
class-source-needs-review,class-or-ceremony-page,Induction Event Info,https://clevelandinternationalhalloffame.com/induction-event-info/,,2024,0,0,,4,0.44
class-source-needs-review,class-or-ceremony-page,Induction Years,https://clevelandinternationalhalloffame.com/induction-years/,,,0,0,,0,0.44
class-source-needs-review,news-or-event-post,Press release – Cleveland International Hall of Fame is SOLD OUT,https://clevelandinternationalhalloffame.com/2023/04/cleveland-international-hall-of-fame-press-release/,,2010|2023,0,0,,6,0.44
