reviewAction,inducteeId,inducteeName,classYear,phraseLabel,phraseQuality,confidence,evidenceCount,sourcePageUrls,existingCountryTags,inferredCountryTags,safeguardStatus,migrationDirection,publicUse
exploratory-place-phrase-review,mohan-bafna-2016,Mohan Bafna,2016,Suresh Bafna My father,needs-heavy-place-review,0.38,2,https://clevelandinternationalhalloffame.com/induction-event-info/dr-mohan-bafna/|https://clevelandinternationalhalloffame.com/mohan-bafna-2016/,India,,needs-geography-review,not-inferred,candidate-only
exploratory-place-phrase-review,rev-mikhail-mikhail-2016,Rev. Mikhail Mikhail,2016,Cairo,needs-heavy-place-review,0.38,2,https://clevelandinternationalhalloffame.com/induction-event-info/rev-mikhail-mikhail/|https://clevelandinternationalhalloffame.com/reverend-mikhail-mikhail-2016/,Egypt,,needs-geography-review,not-inferred,candidate-only
exploratory-place-phrase-review,rev-mikhail-mikhail-2016,Rev. Mikhail Mikhail,2016,Ashland Theological Seminary. He,fragment-or-nonplace-likely,0.38,2,https://clevelandinternationalhalloffame.com/induction-event-info/rev-mikhail-mikhail/|https://clevelandinternationalhalloffame.com/reverend-mikhail-mikhail-2016/,Egypt,,needs-geography-review,not-inferred,candidate-only
exploratory-place-phrase-review,rev-mikhail-mikhail-2016,Rev. Mikhail Mikhail,2016,Sherrie,needs-heavy-place-review,0.38,2,https://clevelandinternationalhalloffame.com/induction-event-info/rev-mikhail-mikhail/|https://clevelandinternationalhalloffame.com/reverend-mikhail-mikhail-2016/,Egypt,,needs-geography-review,not-inferred,candidate-only
exploratory-place-phrase-review,rev-mikhail-mikhail-2016,Rev. Mikhail Mikhail,2016,Bishoy,needs-heavy-place-review,0.38,2,https://clevelandinternationalhalloffame.com/induction-event-info/rev-mikhail-mikhail/|https://clevelandinternationalhalloffame.com/reverend-mikhail-mikhail-2016/,Egypt,,needs-geography-review,not-inferred,candidate-only
exploratory-place-phrase-review,le-nguyen-2026,Le Nguyen,2026,Can Tho,needs-heavy-place-review,0.38,2,https://clevelandinternationalhalloffame.com/le-nguyen-class-of-2026-vietnames-heritage-cleveland-international-hall-of-fame/|https://clevelandinternationalhalloffame.com/le-nguyen/,Vietnam,,needs-geography-review,not-inferred,candidate-only
exploratory-place-phrase-review,le-nguyen-2026,Le Nguyen,2026,Greater Cleveland along Detroit,fragment-or-nonplace-likely,0.38,2,https://clevelandinternationalhalloffame.com/le-nguyen-class-of-2026-vietnames-heritage-cleveland-international-hall-of-fame/|https://clevelandinternationalhalloffame.com/le-nguyen/,Vietnam,,needs-geography-review,not-inferred,candidate-only
exploratory-place-phrase-review,dr-dieu-thuc-do-2010,Dr. Dieu Thuc Do,2010,Rach Gia,needs-heavy-place-review,0.38,1,https://clevelandinternationalhalloffame.com/dr-dieu-thuc-do-2010/,Vietnam,Vietnam,needs-geography-review,not-inferred,candidate-only
exploratory-place-phrase-review,dr-dieu-thuc-do-2010,Dr. Dieu Thuc Do,2010,Sai Gon Medical school,fragment-or-nonplace-likely,0.38,1,https://clevelandinternationalhalloffame.com/dr-dieu-thuc-do-2010/,Vietnam,Vietnam,needs-geography-review,not-inferred,candidate-only
exploratory-place-phrase-review,helen-karpinski-1899-2002-2010,Helen Karpinski (1899 – 2002),2010,Cleveland in,fragment-or-nonplace-likely,0.38,1,https://clevelandinternationalhalloffame.com/helen-karpinski-2010/,Poland,,needs-geography-review,not-inferred,candidate-only
exploratory-place-phrase-review,helen-karpinski-1899-2002-2010,Helen Karpinski (1899 – 2002),2010,Reynoldsville,needs-heavy-place-review,0.38,1,https://clevelandinternationalhalloffame.com/helen-karpinski-2010/,Poland,,needs-geography-review,not-inferred,candidate-only
exploratory-place-phrase-review,leo-weidenthal-2010,Leo Weidenthal,2010,Cleveland to Emanuel,fragment-or-nonplace-likely,0.38,1,https://clevelandinternationalhalloffame.com/leo-weidenthal-2010/,United States,United States,needs-geography-review,not-inferred,candidate-only
exploratory-place-phrase-review,lonnie-mccauley-2010,Lonnie McCauley,2010,Cleveland on September,fragment-or-nonplace-likely,0.38,1,https://clevelandinternationalhalloffame.com/lonnie-mccauley-2010/,Ireland,,needs-geography-review,not-inferred,candidate-only
exploratory-place-phrase-review,paramjit-singh-2010,Paramjit Singh,2010,India gave Paramjit the,fragment-or-nonplace-likely,0.38,1,https://clevelandinternationalhalloffame.com/paramjit-singh-2010/,India,,needs-geography-review,not-inferred,candidate-only
exploratory-place-phrase-review,gerald-m-quinn-2011,Gerald M. Quinn,2011,Garracloon,needs-heavy-place-review,0.38,1,https://clevelandinternationalhalloffame.com/gerald-m-quinn-2011/,Ireland,,needs-geography-review,not-inferred,candidate-only
exploratory-place-phrase-review,gerald-m-quinn-2011,Gerald M. Quinn,2011,Ballina,needs-heavy-place-review,0.38,1,https://clevelandinternationalhalloffame.com/gerald-m-quinn-2011/,Ireland,,needs-geography-review,not-inferred,candidate-only
exploratory-place-phrase-review,gerald-m-quinn-2011,Gerald M. Quinn,2011,Wexford. Gerry,needs-heavy-place-review,0.38,1,https://clevelandinternationalhalloffame.com/gerald-m-quinn-2011/,Ireland,,needs-geography-review,not-inferred,candidate-only
exploratory-place-phrase-review,gerald-m-quinn-2011,Gerald M. Quinn,2011,Garracloon on his own,fragment-or-nonplace-likely,0.38,1,https://clevelandinternationalhalloffame.com/gerald-m-quinn-2011/,Ireland,,needs-geography-review,not-inferred,candidate-only
exploratory-place-phrase-review,giahoa-ryan-2011,Giahoa Ryan,2011,Viet Nam,needs-heavy-place-review,0.38,1,https://clevelandinternationalhalloffame.com/giahoa-ryan-2011/,Vietnam,,needs-geography-review,not-inferred,candidate-only
exploratory-place-phrase-review,giahoa-ryan-2011,Giahoa Ryan,2011,Vietnam to Cleveland for,fragment-or-nonplace-likely,0.38,1,https://clevelandinternationalhalloffame.com/giahoa-ryan-2011/,Vietnam,,needs-geography-review,not-inferred,candidate-only
exploratory-place-phrase-review,giahoa-ryan-2011,Giahoa Ryan,2011,Viet Nam for,fragment-or-nonplace-likely,0.38,1,https://clevelandinternationalhalloffame.com/giahoa-ryan-2011/,Vietnam,,needs-geography-review,not-inferred,candidate-only
exploratory-place-phrase-review,lucretia-stoica-2011,Lucretia Stoica,2011,Youngstown,needs-heavy-place-review,0.38,1,https://clevelandinternationalhalloffame.com/lucretia-stoica-2011/,Romania,Romania,needs-geography-review,not-inferred,candidate-only
exploratory-place-phrase-review,luis-martinez-2011,Luis Martinez,2011,Bayamon,needs-heavy-place-review,0.38,1,https://clevelandinternationalhalloffame.com/luis-martinez-2011/,Puerto Rico,,needs-geography-review,not-inferred,candidate-only
exploratory-place-phrase-review,luis-martinez-2011,Luis Martinez,2011,Puerto Rico to Lorain,fragment-or-nonplace-likely,0.38,1,https://clevelandinternationalhalloffame.com/luis-martinez-2011/,Puerto Rico,,needs-geography-review,not-inferred,candidate-only
exploratory-place-phrase-review,luis-martinez-2011,Luis Martinez,2011,Lorain Admiral King High,fragment-or-nonplace-likely,0.38,1,https://clevelandinternationalhalloffame.com/luis-martinez-2011/,Puerto Rico,,needs-geography-review,not-inferred,candidate-only
exploratory-place-phrase-review,luis-martinez-2011,Luis Martinez,2011,OSU,fragment-or-nonplace-likely,0.38,1,https://clevelandinternationalhalloffame.com/luis-martinez-2011/,Puerto Rico,,needs-geography-review,not-inferred,candidate-only
exploratory-place-phrase-review,reverend-dr-otis-moss-jr-2011,"Reverend Dr. Otis Moss, Jr.",2011,La Grange,needs-heavy-place-review,0.38,1,https://clevelandinternationalhalloffame.com/reverend-dr-otis-moss-jr-2011/,United States,United States,needs-geography-review,not-inferred,candidate-only
exploratory-place-phrase-review,reverend-dr-otis-moss-jr-2011,"Reverend Dr. Otis Moss, Jr.",2011,Olivet Institutional Baptist Church,fragment-or-nonplace-likely,0.38,1,https://clevelandinternationalhalloffame.com/reverend-dr-otis-moss-jr-2011/,United States,United States,needs-geography-review,not-inferred,candidate-only
exploratory-place-phrase-review,tony-petkovsek-2011,Tony Petkovsek,2011,Noon till,fragment-or-nonplace-likely,0.38,1,https://clevelandinternationalhalloffame.com/tony-petkovsek-2011/,Slovenia,Slovenia,needs-geography-review,not-inferred,candidate-only
exploratory-place-phrase-review,tony-petkovsek-2011,Tony Petkovsek,2011,Alaska,needs-heavy-place-review,0.38,1,https://clevelandinternationalhalloffame.com/tony-petkovsek-2011/,Slovenia,Slovenia,needs-geography-review,not-inferred,candidate-only
exploratory-place-phrase-review,vijaya-l-emani-2011,Vijaya L. Emani,2011,Kurnool,needs-heavy-place-review,0.38,1,https://clevelandinternationalhalloffame.com/vijaya-l-emani-2011/,India,,needs-geography-review,not-inferred,candidate-only
exploratory-place-phrase-review,dr-jaya-shah-2012,Dr. Jaya Shah,2012,Medtronics,fragment-or-nonplace-likely,0.38,1,https://clevelandinternationalhalloffame.com/dr-jaya-shah-2012/,India,India,needs-geography-review,not-inferred,candidate-only
exploratory-place-phrase-review,jose-c-feliciano-2012,José C. Feliciano,2012,Yauco,needs-heavy-place-review,0.38,1,https://clevelandinternationalhalloffame.com/jose-feliciano-2012/,Puerto Rico,,needs-geography-review,not-inferred,candidate-only
exploratory-place-phrase-review,jose-c-feliciano-2012,José C. Feliciano,2012,Northeastern Ohio. He wrote,fragment-or-nonplace-likely,0.38,1,https://clevelandinternationalhalloffame.com/jose-feliciano-2012/,Puerto Rico,,needs-geography-review,not-inferred,candidate-only
exploratory-place-phrase-review,milton-maltz-2012,Milton Maltz,2012,New York to Los,fragment-or-nonplace-likely,0.38,1,https://clevelandinternationalhalloffame.com/milton-maltz-2012/,United States,United States,needs-geography-review,not-inferred,candidate-only
exploratory-place-phrase-review,milton-maltz-2012,Milton Maltz,2012,President George W. Bush,fragment-or-nonplace-likely,0.38,1,https://clevelandinternationalhalloffame.com/milton-maltz-2012/,United States,United States,needs-geography-review,not-inferred,candidate-only
exploratory-place-phrase-review,vladimir-rus-2012,Vladimir Rus,2012,Rijeka,needs-heavy-place-review,0.38,1,https://clevelandinternationalhalloffame.com/vladimir-rus-2012/,Croatia,,needs-geography-review,not-inferred,candidate-only
exploratory-place-phrase-review,dr-maria-pujana-2013,Dr. Maria Pujana,2013,Score Magazine,needs-heavy-place-review,0.38,1,https://clevelandinternationalhalloffame.com/maria-pujana-2013/,Colombia,Colombia,needs-geography-review,not-inferred,candidate-only
exploratory-place-phrase-review,josef-holzer-2013,Josef Holzer,2013,September of,needs-heavy-place-review,0.38,1,https://clevelandinternationalhalloffame.com/joseph-holzer-2013/,Serbia,Serbia,needs-geography-review,not-inferred,candidate-only
exploratory-place-phrase-review,ratanjit-s-sondhe-2013,Ratanjit S. Sondhe,2013,India in,fragment-or-nonplace-likely,0.38,1,https://clevelandinternationalhalloffame.com/ratanjit-sondhe-2013/,India,,needs-geography-review,not-inferred,candidate-only
exploratory-place-phrase-review,donna-hom-2014,Donna Hom,2014,Guangdong province in southern,fragment-or-nonplace-likely,0.38,1,https://clevelandinternationalhalloffame.com/donna-hom-2014/,China,,needs-geography-review,not-inferred,candidate-only
exploratory-place-phrase-review,donna-hom-2014,Donna Hom,2014,Westgate Mall. The location,fragment-or-nonplace-likely,0.38,1,https://clevelandinternationalhalloffame.com/donna-hom-2014/,China,,needs-geography-review,not-inferred,candidate-only
exploratory-place-phrase-review,donna-hom-2014,Donna Hom,2014,East,needs-heavy-place-review,0.38,1,https://clevelandinternationalhalloffame.com/donna-hom-2014/,China,,needs-geography-review,not-inferred,candidate-only
exploratory-place-phrase-review,eugene-bak-2014,Eugene Bak,2014,Poland. In February,fragment-or-nonplace-likely,0.38,1,https://clevelandinternationalhalloffame.com/eugene-bak-2014/,Poland,,needs-geography-review,not-inferred,candidate-only
exploratory-place-phrase-review,eugene-bak-2014,Eugene Bak,2014,Siberia in,fragment-or-nonplace-likely,0.38,1,https://clevelandinternationalhalloffame.com/eugene-bak-2014/,Poland,,needs-geography-review,not-inferred,candidate-only
exploratory-place-phrase-review,eugene-bak-2014,Eugene Bak,2014,St. John Cantius High,fragment-or-nonplace-likely,0.38,1,https://clevelandinternationalhalloffame.com/eugene-bak-2014/,Poland,,needs-geography-review,not-inferred,candidate-only
exploratory-place-phrase-review,eugene-bak-2014,Eugene Bak,2014,Ohio State in,fragment-or-nonplace-likely,0.38,1,https://clevelandinternationalhalloffame.com/eugene-bak-2014/,Poland,,needs-geography-review,not-inferred,candidate-only
exploratory-place-phrase-review,jim-foster-2014,Jim Foster,2014,Saudi Arabia,needs-heavy-place-review,0.38,1,https://clevelandinternationalhalloffame.com/jim-foster-2014/,United States,United States,needs-geography-review,not-inferred,candidate-only
exploratory-place-phrase-review,joseph-p-meissner-2014,Joseph P Meissner,2014,Gettysburg to the Somme,fragment-or-nonplace-likely,0.38,1,https://clevelandinternationalhalloffame.com/joseph-p-meissner-2014/,United States,United States,needs-geography-review,not-inferred,candidate-only
exploratory-place-phrase-review,joseph-p-meissner-2014,Joseph P Meissner,2014,Patton in the Battle,fragment-or-nonplace-likely,0.38,1,https://clevelandinternationalhalloffame.com/joseph-p-meissner-2014/,United States,United States,needs-geography-review,not-inferred,candidate-only
exploratory-place-phrase-review,joseph-p-meissner-2014,Joseph P Meissner,2014,Greater Cleveland for his,fragment-or-nonplace-likely,0.38,1,https://clevelandinternationalhalloffame.com/joseph-p-meissner-2014/,United States,United States,needs-geography-review,not-inferred,candidate-only
exploratory-place-phrase-review,joseph-p-meissner-2014,Joseph P Meissner,2014,Cleveland have given lectures,fragment-or-nonplace-likely,0.38,1,https://clevelandinternationalhalloffame.com/joseph-p-meissner-2014/,United States,United States,needs-geography-review,not-inferred,candidate-only
exploratory-place-phrase-review,joseph-p-meissner-2014,Joseph P Meissner,2014,Command,needs-heavy-place-review,0.38,1,https://clevelandinternationalhalloffame.com/joseph-p-meissner-2014/,United States,United States,needs-geography-review,not-inferred,candidate-only
exploratory-place-phrase-review,margaret-callander-2014,Margaret Callander,2014,Glasgow,needs-heavy-place-review,0.38,1,https://clevelandinternationalhalloffame.com/margaret-callander-2014/,United Kingdom,,needs-geography-review,not-inferred,candidate-only
exploratory-place-phrase-review,monte-ahuja-2014,Monte Ahuja,2014,CSU In,fragment-or-nonplace-likely,0.38,1,https://clevelandinternationalhalloffame.com/monte-ahuja-2014/,India,India,needs-geography-review,not-inferred,candidate-only
exploratory-place-phrase-review,dick-pogue-2015,Dick Pogue,2015,Jones Day,needs-heavy-place-review,0.38,1,https://clevelandinternationalhalloffame.com/richard-pogue-2015/,United States,United States,needs-geography-review,not-inferred,candidate-only
exploratory-place-phrase-review,honorable-jose-a-villanueva-2015,Honorable José A. Villanueva,2015,Utuado,needs-heavy-place-review,0.38,1,https://clevelandinternationalhalloffame.com/honorable-jose-a-villanueva-2015/,Puerto Rico,,needs-geography-review,not-inferred,candidate-only
exploratory-place-phrase-review,richard-a-ganim-2015,Richard A. Ganim,2015,Lebanon in the early,fragment-or-nonplace-likely,0.38,1,https://clevelandinternationalhalloffame.com/richard-ganim-2015/,Lebanon,,needs-geography-review,not-inferred,candidate-only
exploratory-place-phrase-review,steve-mulloy-2015,Steve Mulloy,2015,Ireland spent sleeping their,fragment-or-nonplace-likely,0.38,1,https://clevelandinternationalhalloffame.com/steve-mulloy-2015/,Ireland,,needs-geography-review,not-inferred,candidate-only
exploratory-place-phrase-review,eugenia-stolarczyk-2016-2016,Eugenia Stolarczyk – 2016,2016,New York. In the,fragment-or-nonplace-likely,0.38,1,https://clevelandinternationalhalloffame.com/eugenia-stolarczyk-2016/,Poland,,needs-geography-review,not-inferred,candidate-only
exploratory-place-phrase-review,eugenia-stolarczyk-2016-2016,Eugenia Stolarczyk – 2016,2016,New York to induct,fragment-or-nonplace-likely,0.38,1,https://clevelandinternationalhalloffame.com/eugenia-stolarczyk-2016/,Poland,,needs-geography-review,not-inferred,candidate-only
exploratory-place-phrase-review,eugenia-stolarczyk-2016-2016,Eugenia Stolarczyk – 2016,2016,New York,needs-heavy-place-review,0.38,1,https://clevelandinternationalhalloffame.com/induction-event-info/eugenia-stolarczyk/,Poland,,needs-geography-review,not-inferred,candidate-only
exploratory-place-phrase-review,rev-mikhail-mikhail-2016,Rev. Mikhail Mikhail,2016,ClevelandPeople.Com read part of,fragment-or-nonplace-likely,0.38,1,https://clevelandinternationalhalloffame.com/reverend-mikhail-mikhail-2016/,Egypt,,needs-geography-review,not-inferred,candidate-only
exploratory-place-phrase-review,basil-russo-2017,Basil Russo,2017,Basil Russo,needs-heavy-place-review,0.38,1,https://clevelandinternationalhalloffame.com/inductees-europe/basil-russo/,Italy,,needs-geography-review,not-inferred,candidate-only
exploratory-place-phrase-review,bill-miller-2017,Bill Miller,2017,Germany. His journalistic career,fragment-or-nonplace-likely,0.38,1,https://clevelandinternationalhalloffame.com/inductees-europe/bill-miller/,Germany|Poland,,needs-geography-review,not-inferred,candidate-only
exploratory-place-phrase-review,bill-miller-2017,Bill Miller,2017,Bill Miller,needs-heavy-place-review,0.38,1,https://clevelandinternationalhalloffame.com/inductees-europe/bill-miller/,Germany|Poland,,needs-geography-review,not-inferred,candidate-only
exploratory-place-phrase-review,jim-craciun-2017,Jim Craciun,2017,St. Edward,needs-heavy-place-review,0.38,1,https://clevelandinternationalhalloffame.com/inductees-europe/jim-craciun/,Italy|Romania,,needs-geography-review,not-inferred,candidate-only
exploratory-place-phrase-review,jim-craciun-2017,Jim Craciun,2017,Jim Craciun,needs-heavy-place-review,0.38,1,https://clevelandinternationalhalloffame.com/inductees-europe/jim-craciun/,Italy|Romania,,needs-geography-review,not-inferred,candidate-only
exploratory-place-phrase-review,jim-craciun-2017,Jim Craciun,2017,St Mary Romanian Orthodox,needs-heavy-place-review,0.38,1,https://clevelandinternationalhalloffame.com/inductees-europe/jim-craciun/,Italy|Romania,,needs-geography-review,not-inferred,candidate-only
exploratory-place-phrase-review,mona-alag-2017,Mona Alag,2017,Mona Alag,needs-heavy-place-review,0.38,1,https://clevelandinternationalhalloffame.com/inductees/mona-alag/,India,India,needs-geography-review,not-inferred,candidate-only
exploratory-place-phrase-review,sam-kim-2017,Sam Kim,2017,Sam Kim,needs-heavy-place-review,0.38,1,https://clevelandinternationalhalloffame.com/inductees-asia/sam-kim/,South Korea,,needs-geography-review,not-inferred,candidate-only
exploratory-place-phrase-review,wael-khoury-2017,Wael Khoury,2017,Dr. Wael Khoury,fragment-or-nonplace-likely,0.38,1,https://clevelandinternationalhalloffame.com/inductees-asia/wael-khoury/,Syria,Syria,needs-geography-review,not-inferred,candidate-only
exploratory-place-phrase-review,abby-mina-2018,Abby Mina,2018,Blue Cross,needs-heavy-place-review,0.38,1,https://clevelandinternationalhalloffame.com/inductees-asia/abby-mina/,Lebanon,Lebanon,needs-geography-review,not-inferred,candidate-only
exploratory-place-phrase-review,abby-mina-2018,Abby Mina,2018,Abby Mina,needs-heavy-place-review,0.38,1,https://clevelandinternationalhalloffame.com/inductees-asia/abby-mina/,Lebanon,Lebanon,needs-geography-review,not-inferred,candidate-only
exploratory-place-phrase-review,abby-mina-2018,Abby Mina,2018,Ohio Representative Marlene Anielski,fragment-or-nonplace-likely,0.38,1,https://clevelandinternationalhalloffame.com/inductees-asia/abby-mina/,Lebanon,Lebanon,needs-geography-review,not-inferred,candidate-only
exploratory-place-phrase-review,atul-mehta-2018,Atul Mehta,2018,Dr. Atul Mehta,fragment-or-nonplace-likely,0.38,1,https://clevelandinternationalhalloffame.com/inductees-asia/atul-mehta/,India,India,needs-geography-review,not-inferred,candidate-only
exploratory-place-phrase-review,ralph-perk-jr-2018,Ralph Perk Jr.,2018,Rocky Perk,needs-heavy-place-review,0.38,1,https://clevelandinternationalhalloffame.com/inductees-europe/ralph-perk-jr/,Czech Republic|Italy,Czech Republic|Italy,needs-geography-review,not-inferred,candidate-only
exploratory-place-phrase-review,sheila-murphy-crawford-2018,Sheila Murphy Crawford,2018,Cleveland in,fragment-or-nonplace-likely,0.38,1,https://clevelandinternationalhalloffame.com/inductees-europe/sheila-murphy-crawford/,Ireland,,needs-geography-review,not-inferred,candidate-only
exploratory-place-phrase-review,sheila-murphy-crawford-2018,Sheila Murphy Crawford,2018,Sheila Murphy Crawford,needs-heavy-place-review,0.38,1,https://clevelandinternationalhalloffame.com/inductees-europe/sheila-murphy-crawford/,Ireland,,needs-geography-review,not-inferred,candidate-only
exploratory-place-phrase-review,sister-alicia-alvarado-2018,Sister Alicia Alvarado,2018,Villalba,needs-heavy-place-review,0.38,1,https://clevelandinternationalhalloffame.com/inductees-south-america/sister-alicia-alvarado/,Puerto Rico,,needs-geography-review,not-inferred,candidate-only
exploratory-place-phrase-review,sister-alicia-alvarado-2018,Sister Alicia Alvarado,2018,San Juan Bautista Parish,needs-heavy-place-review,0.38,1,https://clevelandinternationalhalloffame.com/inductees-south-america/sister-alicia-alvarado/,Puerto Rico,,needs-geography-review,not-inferred,candidate-only
exploratory-place-phrase-review,sister-alicia-alvarado-2018,Sister Alicia Alvarado,2018,Sister Alicia Alvarado,needs-heavy-place-review,0.38,1,https://clevelandinternationalhalloffame.com/inductees-south-america/sister-alicia-alvarado/,Puerto Rico,,needs-geography-review,not-inferred,candidate-only
exploratory-place-phrase-review,akram-boutros-2019,Akram Boutros,2019,Cleveland Watching Dr. Boutros,fragment-or-nonplace-likely,0.38,1,https://clevelandinternationalhalloffame.com/akram-boutros/,Egypt,Egypt,needs-geography-review,not-inferred,candidate-only
exploratory-place-phrase-review,paul-burik-2019,Paul Burik,2019,Czechoslovakia in,fragment-or-nonplace-likely,0.38,1,https://clevelandinternationalhalloffame.com/paul-burik/,Czech Republic,,needs-geography-review,not-inferred,candidate-only
exploratory-place-phrase-review,richard-fleischman-2019,Richard Fleischman,2019,Cleveland in,fragment-or-nonplace-likely,0.38,1,https://clevelandinternationalhalloffame.com/richard-fleischman/,United States,United States,needs-geography-review,not-inferred,candidate-only
exploratory-place-phrase-review,joe-valencic-2020,Joe Valencic,2020,Slovenia. His events create,fragment-or-nonplace-likely,0.38,1,https://clevelandinternationalhalloffame.com/joe-valencic/,Slovenia,,needs-geography-review,not-inferred,candidate-only
exploratory-place-phrase-review,joe-valencic-2020,Joe Valencic,2020,Slovenia at,needs-heavy-place-review,0.38,1,https://clevelandinternationalhalloffame.com/joe-valencic/,Slovenia,,needs-geography-review,not-inferred,candidate-only
exploratory-place-phrase-review,may-chen-2020,May Chen,2020,Hong Kong,needs-heavy-place-review,0.38,1,https://clevelandinternationalhalloffame.com/may-chen/,China,,needs-geography-review,not-inferred,candidate-only
exploratory-place-phrase-review,may-chen-2020,May Chen,2020,Seattle,needs-heavy-place-review,0.38,1,https://clevelandinternationalhalloffame.com/may-chen/,China,,needs-geography-review,not-inferred,candidate-only
exploratory-place-phrase-review,may-chen-2020,May Chen,2020,Margaret Wong May Chen,needs-heavy-place-review,0.38,1,https://clevelandinternationalhalloffame.com/may-chen/,China,,needs-geography-review,not-inferred,candidate-only
exploratory-place-phrase-review,ramesh-shah-2020,Ramesh Shah,2020,Sudarshan Sathe Ramesh Shah,needs-heavy-place-review,0.38,1,https://clevelandinternationalhalloffame.com/ramesh-shah/,India,,needs-geography-review,not-inferred,candidate-only
exploratory-place-phrase-review,anda-cook-2022,Anda Cook,2022,Riga,needs-heavy-place-review,0.38,1,https://clevelandinternationalhalloffame.com/anda-cook/,Latvia,Latvia,needs-geography-review,not-inferred,candidate-only
exploratory-place-phrase-review,anda-cook-2022,Anda Cook,2022,Congressman Dennis Kucinich,needs-heavy-place-review,0.38,1,https://clevelandinternationalhalloffame.com/anda-cook/,Latvia,Latvia,needs-geography-review,not-inferred,candidate-only
exploratory-place-phrase-review,anda-cook-2022,Anda Cook,2022,Dagmar Celeste Anda Cook,needs-heavy-place-review,0.38,1,https://clevelandinternationalhalloffame.com/anda-cook/,Latvia,Latvia,needs-geography-review,not-inferred,candidate-only
exploratory-place-phrase-review,carl-robson-2022,Carl Robson,2022,Hinsdale,needs-heavy-place-review,0.38,1,https://clevelandinternationalhalloffame.com/carl-robson/,Ethiopia,Ethiopia,needs-geography-review,not-inferred,candidate-only
exploratory-place-phrase-review,victor-ruiz-2022,Victor Ruiz,2022,Dan Hanson Congratulations Victor,needs-heavy-place-review,0.38,1,https://clevelandinternationalhalloffame.com/victor-ruiz/,Puerto Rico,,needs-geography-review,not-inferred,candidate-only
exploratory-place-phrase-review,georgine-welo-2023,Georgine Welo,2023,Novi Sad,needs-heavy-place-review,0.38,1,https://clevelandinternationalhalloffame.com/georgine-welo/,Serbia,,needs-geography-review,not-inferred,candidate-only
exploratory-place-phrase-review,georgine-welo-2023,Georgine Welo,2023,Switzerland. However,needs-heavy-place-review,0.38,1,https://clevelandinternationalhalloffame.com/georgine-welo/,Serbia,,needs-geography-review,not-inferred,candidate-only
exploratory-place-phrase-review,georgine-welo-2023,Georgine Welo,2023,Kralijevo she traveled by,fragment-or-nonplace-likely,0.38,1,https://clevelandinternationalhalloffame.com/georgine-welo/,Serbia,,needs-geography-review,not-inferred,candidate-only
exploratory-place-phrase-review,georgine-welo-2023,Georgine Welo,2023,Serbia including professors,needs-heavy-place-review,0.38,1,https://clevelandinternationalhalloffame.com/georgine-welo/,Serbia,,needs-geography-review,not-inferred,candidate-only
exploratory-place-phrase-review,michael-d-polensek-2023,Michael D. Polensek,2023,Collinwood,needs-heavy-place-review,0.38,1,https://clevelandinternationalhalloffame.com/michael-d-polensek/,Slovenia|Italy,Slovenia|Italy,needs-geography-review,not-inferred,candidate-only
exploratory-place-phrase-review,ambassador-edward-f-crawford-2024,Ambassador Edward F. Crawford,2024,Cork. His grandmother,fragment-or-nonplace-likely,0.38,1,https://clevelandinternationalhalloffame.com/inductees/ambassador-edward-f-crawford/,Ireland,Ireland,needs-geography-review,not-inferred,candidate-only
exploratory-place-phrase-review,ambassador-edward-f-crawford-2024,Ambassador Edward F. Crawford,2024,New Market,needs-heavy-place-review,0.38,1,https://clevelandinternationalhalloffame.com/inductees/ambassador-edward-f-crawford/,Ireland,Ireland,needs-geography-review,not-inferred,candidate-only
exploratory-place-phrase-review,dona-brady-2024,Dona Brady,2024,CSU,needs-heavy-place-review,0.38,1,https://clevelandinternationalhalloffame.com/inductees/dona-brady/,Albania,,needs-geography-review,not-inferred,candidate-only
exploratory-place-phrase-review,dr-eugene-jordan-2024,Dr. Eugene Jordan,2024,Columbus by their widower,fragment-or-nonplace-likely,0.38,1,https://clevelandinternationalhalloffame.com/inductees/dr-eugene-jordan/,United States,United States,needs-geography-review,not-inferred,candidate-only
exploratory-place-phrase-review,erika-puussaar-2024,Erika Puussaar,2024,Estonian Ambassador Kristjan Prikk,needs-heavy-place-review,0.38,1,https://clevelandinternationalhalloffame.com/inductees/erika-puussaar/,Estonia,,needs-geography-review,not-inferred,candidate-only
exploratory-place-phrase-review,johnny-k-wu-2024,Johnny K. Wu,2024,Central America,needs-heavy-place-review,0.38,1,https://clevelandinternationalhalloffame.com/inductees/johnny-k-wu/,China,China,needs-geography-review,not-inferred,candidate-only
exploratory-place-phrase-review,johnny-k-wu-2024,Johnny K. Wu,2024,Hong Kong,needs-heavy-place-review,0.38,1,https://clevelandinternationalhalloffame.com/inductees/johnny-k-wu/,China,China,needs-geography-review,not-inferred,candidate-only
exploratory-place-phrase-review,veronica-dahlberg-2024,Veronica Dahlberg,2024,Canton,needs-heavy-place-review,0.38,1,https://clevelandinternationalhalloffame.com/inductees/veronica-dahlberg/,Hungary|Mexico,,needs-geography-review,not-inferred,candidate-only
exploratory-place-phrase-review,beverly-kerecman-2025,Beverly Kerecman,2025,Japan remained as the,fragment-or-nonplace-likely,0.38,1,https://clevelandinternationalhalloffame.com/beverly-kerecman/,Japan,,needs-geography-review,not-inferred,candidate-only
exploratory-place-phrase-review,branka-malinar-2025,Branka Malinar,2025,Popovec,needs-heavy-place-review,0.38,1,https://clevelandinternationalhalloffame.com/branka-malinar/,Austria|Croatia,,needs-geography-review,not-inferred,candidate-only
exploratory-place-phrase-review,branka-malinar-2025,Branka Malinar,2025,Croatia through Ellis Island,fragment-or-nonplace-likely,0.38,1,https://clevelandinternationalhalloffame.com/branka-malinar/,Austria|Croatia,,needs-geography-review,not-inferred,candidate-only
exploratory-place-phrase-review,mayor-frank-jackson-2025,Mayor Frank Jackson,2025,Max S. Hayes High,fragment-or-nonplace-likely,0.38,1,https://clevelandinternationalhalloffame.com/mayor-frank-jackson/,United States,United States,needs-geography-review,not-inferred,candidate-only
exploratory-place-phrase-review,aklilu-demessie-2026,Aklilu Demessie,2026,Ethiopia for,fragment-or-nonplace-likely,0.38,1,https://clevelandinternationalhalloffame.com/aklilu-demessie/,Ethiopia,,needs-geography-review,not-inferred,candidate-only
exploratory-place-phrase-review,aklilu-demessie-2026,Aklilu Demessie,2026,Menelik High in Addis,fragment-or-nonplace-likely,0.38,1,https://clevelandinternationalhalloffame.com/aklilu-demessie/,Ethiopia,,needs-geography-review,not-inferred,candidate-only
exploratory-place-phrase-review,aklilu-demessie-2026,Aklilu Demessie,2026,Black churches in Cleveland,fragment-or-nonplace-likely,0.38,1,https://clevelandinternationalhalloffame.com/aklilu-demessie/,Ethiopia,,needs-geography-review,not-inferred,candidate-only
exploratory-place-phrase-review,aklilu-demessie-2026,Aklilu Demessie,2026,Bahir Dar now reside,needs-heavy-place-review,0.38,1,https://clevelandinternationalhalloffame.com/aklilu-demessie/,Ethiopia,,needs-geography-review,not-inferred,candidate-only
exploratory-place-phrase-review,aklilu-demessie-2026,Aklilu Demessie,2026,Aklilu Demessie,needs-heavy-place-review,0.38,1,https://clevelandinternationalhalloffame.com/aklilu-demessie/,Ethiopia,,needs-geography-review,not-inferred,candidate-only
exploratory-place-phrase-review,catherine-jorgensen-mccutcheon-2026,Catherine Jorgensen McCutcheon,2026,Tobago,needs-heavy-place-review,0.38,1,https://clevelandinternationalhalloffame.com/catherine-jorgensen-mccutcheon/,Norway,Norway,needs-geography-review,not-inferred,candidate-only
exploratory-place-phrase-review,catherine-jorgensen-mccutcheon-2026,Catherine Jorgensen McCutcheon,2026,Brazil,needs-heavy-place-review,0.38,1,https://clevelandinternationalhalloffame.com/catherine-jorgensen-mccutcheon/,Norway,Norway,needs-geography-review,not-inferred,candidate-only
exploratory-place-phrase-review,lucy-torres-2026,Lucy Torres,2026,Comer,needs-heavy-place-review,0.38,1,https://clevelandinternationalhalloffame.com/lucy-torres/,Puerto Rico,,needs-geography-review,not-inferred,candidate-only
exploratory-place-phrase-review,lucy-torres-2026,Lucy Torres,2026,Juana Col,needs-heavy-place-review,0.38,1,https://clevelandinternationalhalloffame.com/lucy-torres/,Puerto Rico,,needs-geography-review,not-inferred,candidate-only
exploratory-place-phrase-review,lucy-torres-2026,Lucy Torres,2026,Puerto Rico to the,fragment-or-nonplace-likely,0.38,1,https://clevelandinternationalhalloffame.com/lucy-torres/,Puerto Rico,,needs-geography-review,not-inferred,candidate-only
