id,name,class_year,video_index,source_url,video_rights_approved,captions_approved,transcript_approved,video_kiosk_approved,media_notes
abby-mina-2018,Abby Mina,2018,1,https://www.youtube.com/embed/1KFtDD1w3lg?si=33wpD19AR3TwUf0g,,,,,
abby-mina-2018,Abby Mina,2018,2,https://www.youtube.com/embed/0KJhQyWFjDI?si=Tk8BykFmZBnJA6r9,,,,,
abby-mina-2018,Abby Mina,2018,3,https://www.youtube.com/embed/FwV6dXkUhnc?si=DeReCXnc4wqsLej6,,,,,
aklilu-demessie-2026,Aklilu Demessie,2026,1,https://www.youtube.com/embed/Nlcx5vaC37I?feature=oembed,,,,,
akram-boutros-2019,Akram Boutros,2019,1,https://www.youtube.com/embed/C6EuNqGZH5E,,,,,
ambassador-edward-f-crawford-2024,Ambassador Edward F. Crawford,2024,1,https://www.youtube.com/embed/P34omi5XUiY?feature=oembed,,,,,
anda-cook-2022,Anda Cook,2022,1,https://www.youtube.com/embed/-jbd_GOy7hk,,,,,
andy-chakalis-2026,Andy Chakalis,2026,1,https://www.youtube.com/embed/bS3656smMfM?feature=oembed,,,,,
andy-fedynsky-2026,Andy Fedynsky,2026,1,https://www.youtube.com/embed/Kp2oRe3w1EM?feature=oembed,,,,,
arnie-de-la-porte-2016-2016,Arnie de la Porte,2016,1,https://www.youtube.com/embed/jXo9xEwZ4JQ?si=5LfNdq_x7V4F6F_W,,,,,
arnie-de-la-porte-2016-2016,Arnie de la Porte,2016,2,https://www.youtube.com/embed/QEdXti9t8jE?si=dLFTXDvztiaa5QZg,,,,,
arnie-de-la-porte-2016-2016,Arnie de la Porte,2016,3,https://www.youtube.com/embed/hmsfn1_1Kpg?si=xem--CWQj73ccYlq,,,,,
atul-mehta-2018,Atul Mehta,2018,1,https://www.youtube.com/embed/4pafixyd1zU?si=quwk5rTUCcOL_Bze,,,,,
atul-mehta-2018,Atul Mehta,2018,2,https://www.youtube.com/embed/EATzGX8chuI?si=Ue-kri8xqYGDxeem,,,,,
basil-russo-2017,Basil Russo,2017,1,https://www.youtube.com/embed/RzY-lrL0HWo?si=Lwvg0GNPjZhwBg6_,,,,,
berj-shakarian-2020,Berj Shakarian,2020,1,https://www.youtube.com/embed/Engy3m5Efcc,,,,,
berj-shakarian-2020,Berj Shakarian,2020,2,https://www.youtube.com/embed/2KBxzdgiqJM,,,,,
beverly-kerecman-2025,Beverly Kerecman,2025,1,https://www.youtube.com/embed/4jjbyRcwk3Y?feature=oembed,,,,,
bill-miller-2017,Bill Miller,2017,1,https://www.youtube.com/embed/7AjUc16ao90?si=SndzALuG7bh7NkcO,,,,,
bishop-anthony-pilla-2015,Bishop Anthony Pilla,2015,1,https://www.youtube.com/embed/PpXIVZKq49U?si=DnGFkZUF5gKmUPmZ,,,,,
bishop-anthony-pilla-2015,Bishop Anthony Pilla,2015,2,https://www.youtube.com/embed/KMVo49Zi-94?si=aH0AhM3kt1iGfG5_,,,,,
branka-malinar-2025,Branka Malinar,2025,1,https://www.youtube.com/embed/BKuCcyGsdek?feature=oembed,,,,,
carl-robson-2022,Carl Robson,2022,1,https://www.youtube.com/embed/3Zl6-HYV89Q,,,,,
carolyn-balogh-2016-2016,Carolyn Balogh,2016,1,https://www.youtube.com/embed/O-r4oYPcUYc?si=MP3p245zyl6GsEbq,,,,,
carolyn-balogh-2016-2016,Carolyn Balogh,2016,2,https://www.youtube.com/embed/qzHokEDkXQc?si=OnOUWGKQf5bpxG9E,,,,,
carolyn-balogh-2016-2016,Carolyn Balogh,2016,3,https://www.youtube.com/embed/e_C-YpIWjt8?si=Mrlx5ERnLjVLNT47,,,,,
catherine-jorgensen-mccutcheon-2026,Catherine Jorgensen McCutcheon,2026,1,https://www.youtube.com/embed/e3gWQ-kdEF4?feature=oembed,,,,,
david-gilbert-2025,David Gilbert,2025,1,https://www.youtube.com/embed/XeheG0iGICs?feature=oembed,,,,,
dick-pogue-2015,Dick Pogue,2015,1,https://www.youtube.com/embed/7MkiB5FNQ_g?si=bsF0ZWQqhzDU5y70,,,,,
dick-pogue-2015,Dick Pogue,2015,2,https://www.youtube.com/embed/qtbU6qlpxRE?si=TuHMRsVv0cw28iim,,,,,
dick-russ-2015,Dick Russ,2015,1,https://www.youtube.com/embed/ivlrvgM81r8?si=LAKqxWbM5DTNInmc,,,,,
dick-russ-2015,Dick Russ,2015,2,https://www.youtube.com/embed/xJ9n1QOUafg?si=D3NIkcJAB-C0FoKP,,,,,
dona-brady-2024,Dona Brady,2024,1,https://www.youtube.com/embed/P34omi5XUiY?feature=oembed,,,,,
dr-eugene-jordan-2024,Dr. Eugene Jordan,2024,1,https://www.youtube.com/embed/P34omi5XUiY?feature=oembed,,,,,
erika-puussaar-2024,Erika Puussaar,2024,1,https://www.youtube.com/embed/P34omi5XUiY?feature=oembed,,,,,
eugenia-stolarczyk-2016-2016,Eugenia Stolarczyk,2016,1,https://www.youtube.com/embed/7LmK-_kcUJs?si=Paw_snmOAy0D7y4d,,,,,
eugenia-stolarczyk-2016-2016,Eugenia Stolarczyk,2016,2,https://www.youtube.com/embed/IbJbwBpHWgs?si=9Lkd4rIJNTahfAr1,,,,,
eugenia-stolarczyk-2016-2016,Eugenia Stolarczyk,2016,3,https://www.youtube.com/embed/Tsl-t9x0Ub0?si=4PlHf81cjI1AlUTu,,,,,
eugenia-stolarczyk-2016-2016,Eugenia Stolarczyk,2016,4,https://www.youtube.com/embed/uw_NYpsccxM?si=3K74fLqmpr559H0-,,,,,
georgine-welo-2023,Georgine Welo,2023,1,https://www.youtube.com/embed/JAWjKTg5nRg,,,,,
honorable-jose-a-villanueva-2015,Honorable José A. Villanueva,2015,1,https://www.youtube.com/embed/7Jj4sizisoM?si=eqzIRex4yon1Km3_,,,,,
honorable-jose-a-villanueva-2015,Honorable José A. Villanueva,2015,2,https://www.youtube.com/embed/i5FJexABnHI?si=KY6AQyNWMYQhencV,,,,,
ingrida-bublys-2019,Ingrida Bublys,2019,1,https://www.youtube.com/embed/ObIi5VXcP7Q,,,,,
jack-kahl-2016,Jack Kahl,2016,1,https://www.youtube.com/embed/L0fLgzezWTw?si=G0G4Rk5bvohvVOw_,,,,,
jack-kahl-2016,Jack Kahl,2016,2,https://www.youtube.com/embed/dW7qMIULLko?si=TjGiOsKIkgyT2WzM,,,,,
jack-kahl-2016,Jack Kahl,2016,3,https://www.youtube.com/embed/eKdfG3zz9Os?si=ImEeFHgzcCvxx-_j,,,,,
jim-craciun-2017,Jim Craciun,2017,1,https://www.youtube.com/embed/XZh7vcFsUns?si=bQd8xuGZUYvAYYxi,,,,,
joe-valencic-2020,Joe Valencic,2020,1,https://www.youtube.com/embed/k8t6kOylcgE,,,,,
johnny-k-wu-2024,Johnny K. Wu,2024,1,https://www.youtube.com/embed/P34omi5XUiY?feature=oembed,,,,,
joyce-mariani-2023,Joyce Mariani,2023,1,https://www.youtube.com/embed/khFzLbaSw0o,,,,,
khalid-samad-2016-2016,Khalid Samad,2016,1,https://www.youtube.com/embed/YT9DTiZdJpQ?si=fgN08aS6WVQnrgdT,,,,,
khalid-samad-2016-2016,Khalid Samad,2016,2,https://www.youtube.com/embed/kkjaaUZr2ps?si=UJuJTljl8hb7c1vc,,,,,
khalid-samad-2016-2016,Khalid Samad,2016,3,https://www.youtube.com/embed/mqCQvmZsu88?si=hlP7OTvRJEp3Zr_3,,,,,
le-nguyen-2026,Le Nguyen,2026,1,https://www.youtube.com/embed/T5peEDc8mE8?feature=oembed,,,,,
lucy-torres-2026,Lucy Torres,2026,1,https://www.youtube.com/embed/TU54lNScxz4?feature=oembed,,,,,
margaret-lynch-2020,Margaret Lynch,2020,1,https://www.youtube.com/embed/mTJMMiUk5nI,,,,,
marilyn-madigan-2019,Marilyn Madigan,2019,1,https://www.youtube.com/embed/PgUsrTbLHJ4,,,,,
may-chen-2020,May Chen,2020,1,https://www.youtube.com/embed/yxyHzJyqYt0,,,,,
may-chen-2020,May Chen,2020,2,https://www.youtube.com/embed/QDE5BVEyNKg,,,,,
mayor-frank-jackson-2025,Mayor Frank Jackson,2025,1,https://www.youtube.com/embed/diVkkJkn0sY?feature=oembed,,,,,
michael-d-polensek-2023,Michael D. Polensek,2023,1,https://www.youtube.com/embed/IYv4tYCJ3m8,,,,,
mohan-bafna-2016,Mohan Bafna,2016,1,https://www.youtube.com/embed/KuSMhQ_yG_k?si=YfKA722TULF-9Z4n,,,,,
mohan-bafna-2016,Mohan Bafna,2016,2,https://www.youtube.com/embed/KAhoZMRbZnA?si=naIpsNBE_cDXgL4H,,,,,
mohan-bafna-2016,Mohan Bafna,2016,3,https://www.youtube.com/embed/iX7-ecPZvy4?si=nTGmVayn8_Unh24s,,,,,
mona-alag-2017,Mona Alag,2017,1,https://www.youtube.com/embed/2mG5GMQXUZQ?si=SFzi8pjBTdQCgNfx,,,,,
paul-burik-2019,Paul Burik,2019,1,https://www.youtube.com/embed/b_zP9VqXJbY,,,,,
pierre-bejjani-2023,Pierre Bejjani,2023,1,https://www.youtube.com/embed/11fqd7MQ8Fs,,,,,
raj-aggarwal-2025,Raj Aggarwal,2025,1,https://www.youtube.com/embed/DoZUzteeFMU?feature=oembed,,,,,
ralph-perk-jr-2018,Ralph Perk Jr.,2018,1,https://www.youtube.com/embed/QxG7VrfKyXo?si=n4QQv7xDw4nsyl6F,,,,,
ralph-perk-jr-2018,Ralph Perk Jr.,2018,2,https://www.youtube.com/embed/8CPuLovefwA?si=lHz3ruiZWG80xhmJ,,,,,
ramesh-shah-2020,Ramesh Shah,2020,1,https://www.youtube.com/embed/fEHO9Uwgb9g,,,,,
ramesh-shah-2020,Ramesh Shah,2020,2,https://www.youtube.com/embed/-5gDFAKdaXM?feature=oembed,,,,,
ray-pianka-2018,Ray Pianka,2018,1,https://www.youtube.com/embed/D1Rgv29APUk?si=KKqadeqKAcH5BLTv,,,,,
richard-a-ganim-2015,Richard A. Ganim,2015,1,https://www.youtube.com/embed/M384Uvg0bh8?si=p2sFo9zbO659RxR5,,,,,
richard-a-ganim-2015,Richard A. Ganim,2015,2,https://www.youtube.com/embed/kofOH1CYKBQ?si=ccMZ9uCqNLvI7Sx3,,,,,
richard-fleischman-2019,Richard Fleischman,2019,1,https://www.youtube.com/embed/5BYSPErYD3o,,,,,
sam-kim-2017,Sam Kim,2017,1,https://www.youtube.com/embed/f78jlqAJnqM?si=7IVEls3LREGQBC-1,,,,,
sheila-murphy-crawford-2018,Sheila Murphy Crawford,2018,1,https://www.youtube.com/embed/nC0wST9j-J0?si=B9tydYY-_9Gm08dq,,,,,
sheila-murphy-crawford-2018,Sheila Murphy Crawford,2018,2,https://www.youtube.com/embed/i-iB8SADV8Q?si=ZALvr6qgqKjZ0BAr,,,,,
shiv-k-aggarwal-2015,Shiv K. Aggarwal,2015,1,https://www.youtube.com/embed/tX9BPpgJ_3w?si=Pu88x5ad4N6fmtsh,,,,,
shiv-k-aggarwal-2015,Shiv K. Aggarwal,2015,2,https://www.youtube.com/embed/-2OMPdY2pfw?si=dr4MsFglOQBhgwZK,,,,,
sister-alicia-alvarado-2018,Sister Alicia Alvarado,2018,1,https://www.youtube.com/embed/9e7DWWD6_l0?si=H5Sj9A15twCAyWKt,,,,,
sister-alicia-alvarado-2018,Sister Alicia Alvarado,2018,2,https://www.youtube.com/embed/soPrjwdQWfw?si=caCbSsvOYJsCu6_0,,,,,
sree-sreenath-2019,Sree Sreenath,2019,1,https://www.youtube.com/embed/IXo79dbDE_M,,,,,
steve-mulloy-2015,Steve Mulloy,2015,1,https://www.youtube.com/embed/nINk_D8bi54?si=EiSiOYeSn90OBbQ-,,,,,
steve-mulloy-2015,Steve Mulloy,2015,2,https://www.youtube.com/embed/GDfhVKV-PfY?si=4bPHWAZEkb8h915D,,,,,
sudarshan-sathe-2023,Sudarshan Sathe,2023,1,https://www.youtube.com/embed/q4nkyvZtzRU,,,,,
svetlana-stolyarova-2025,Svetlana Stolyarova,2025,1,https://www.youtube.com/embed/ZT80-BrCIyk?feature=oembed,,,,,
taras-szmagala-2022,Taras Szmagala,2022,1,https://www.youtube.com/embed/YPC3hutSgL8,,,,,
valarie-mccall-2020,Valarie McCall,2020,1,https://www.youtube.com/embed/tB2FCpsakkA,,,,,
veronica-dahlberg-2024,Veronica Dahlberg,2024,1,https://www.youtube.com/embed/P34omi5XUiY?feature=oembed,,,,,
victor-ruiz-2022,Victor Ruiz,2022,1,https://www.youtube.com/embed/b9-AD6gYt14,,,,,
wael-khoury-2017,Wael Khoury,2017,1,https://www.youtube.com/embed/OAZ7t2i1W10?si=Knj8H-KaXie39a2K,,,,,
