placeId,placeName,band,person,displayName,harvestedKind,currentRole,role,decisionReference,note
place:cleveland-cultural-gardens,Cleveland Cultural Gardens,researched,anda-cook-2022,Anda Cook,associated_with_place,served,,,
place:cleveland-cultural-gardens,Cleveland Cultural Gardens,researched,berj-shakarian-2020,Berj Shakarian,associated_with_place,worked,,,
place:cleveland-cultural-gardens,Cleveland Cultural Gardens,researched,branka-malinar-2025,Branka Malinar,associated_with_place,organized,,,
place:cleveland-cultural-gardens,Cleveland Cultural Gardens,researched,johnny-k-wu-2024,Johnny K. Wu,associated_with_place,worked,,,
place:cleveland-cultural-gardens,Cleveland Cultural Gardens,researched,joyce-mariani-2023,Joyce Mariani,associated_with_place,served,,,
place:cleveland-cultural-gardens,Cleveland Cultural Gardens,researched,leo-weidenthal-2010,Leo Weidenthal,associated_with_place,founded,,,
place:cleveland-cultural-gardens,Cleveland Cultural Gardens,researched,paul-burik-2019,Paul Burik,associated_with_place,served,,,
place:cleveland-cultural-gardens,Cleveland Cultural Gardens,researched,svetlana-stolyarova-2025,Svetlana Stolyarova,associated_with_place,founded,,,
place:cleveland-cultural-gardens,Cleveland Cultural Gardens,researched,wael-khoury-2017,Wael Khoury,associated_with_place,served,,,
place:cleveland-state-university,Cleveland State University,researched,alex-machaskee-2010,Alex Machaskee,associated_with_place,served,,,
place:cleveland-state-university,Cleveland State University,researched,jeanette-grasselli-brown-2010,Jeanette Grasselli Brown,associated_with_place,,,,
place:cleveland-state-university,Cleveland State University,researched,jose-c-feliciano-2012,José C. Feliciano,associated_with_place,studied,,,
place:cleveland-state-university,Cleveland State University,researched,margaret-w-wong-2010,Margaret W. Wong,associated_with_place,served,,,
place:cleveland-state-university,Cleveland State University,researched,mayor-frank-jackson-2025,Mayor Frank Jackson,associated_with_place,studied,,,
place:cleveland-state-university,Cleveland State University,researched,monte-ahuja-2014,Monte Ahuja,associated_with_place,served,,,
place:cleveland-city-hall,Cleveland City Hall,researched,dr-eugene-jordan-2024,Dr. Eugene Jordan,associated_with_place,organized,,,
place:cleveland-city-hall,Cleveland City Hall,researched,joe-valencic-2020,Joe Valencic,associated_with_place,worked,,,
place:cleveland-city-hall,Cleveland City Hall,researched,joyce-mariani-2023,Joyce Mariani,associated_with_place,,,,
place:cleveland-city-hall,Cleveland City Hall,researched,mayor-frank-jackson-2025,Mayor Frank Jackson,associated_with_place,worked,,,
place:cleveland-city-hall,Cleveland City Hall,researched,tony-petkovsek-2011,Tony Petkovsek,associated_with_place,served,,,
place:one-world-day-rockefeller-park,One World Day at Rockefeller Park,researched,anda-cook-2022,Anda Cook,associated_with_place,organized,,,
place:one-world-day-rockefeller-park,One World Day at Rockefeller Park,researched,dona-brady-2024,Dona Brady,associated_with_place,organized,,,
place:one-world-day-rockefeller-park,One World Day at Rockefeller Park,researched,georgine-welo-2023,Georgine Welo,associated_with_place,worked,,,
place:one-world-day-rockefeller-park,One World Day at Rockefeller Park,researched,johnny-k-wu-2024,Johnny K. Wu,associated_with_place,worked,,,
place:one-world-day-rockefeller-park,One World Day at Rockefeller Park,researched,sheila-murphy-crawford-2018,Sheila Murphy Crawford,associated_with_place,organized,,,
place:asiatown,AsiaTown,researched,donna-hom-2014,Donna Hom,associated_with_place,worked,,,
place:asiatown,AsiaTown,researched,giahoa-ryan-2011,Giahoa Ryan,associated_with_place,organized,,,
place:asiatown,AsiaTown,researched,johnny-k-wu-2024,Johnny K. Wu,associated_with_place,organized,,,
place:asiatown,AsiaTown,researched,margaret-w-wong-2010,Margaret W. Wong,associated_with_place,organized,,,
place:cleveland-public-library,Cleveland Public Library,researched,andy-chakalis-2026,Andy Chakalis,associated_with_place,,,,
place:cleveland-public-library,Cleveland Public Library,researched,beverly-kerecman-2025,Beverly Kerecman,associated_with_place,,,,
place:cleveland-public-library,Cleveland Public Library,researched,joe-valencic-2020,Joe Valencic,associated_with_place,organized,,,
place:cleveland-public-library,Cleveland Public Library,researched,leo-weidenthal-2010,Leo Weidenthal,associated_with_place,organized,,,
place:asia-plaza,Asia Plaza,researched,donna-hom-2014,Donna Hom,associated_with_place,founded,,,
place:asia-plaza,Asia Plaza,researched,johnny-k-wu-2024,Johnny K. Wu,associated_with_place,organized,,,
place:central-kinsman,Central and Kinsman,researched,mayor-frank-jackson-2025,Mayor Frank Jackson,associated_with_place,lived,,,
place:central-kinsman,Central and Kinsman,researched,paul-sciria-2010,Paul Sciria,associated_with_place,lived,,,
place:sai-gon-plaza,Sai Gon Plaza,researched,dr-dieu-thuc-do-2010,Dr. Dieu Thuc Do,associated_with_place,,,,
place:sai-gon-plaza,Sai Gon Plaza,researched,giahoa-ryan-2011,Giahoa Ryan,associated_with_place,founded,,,
place:beachwood-ohio,Beachwood,lead,alex-machaskee-2010,Alex Machaskee,lived_in,lived,,,
place:bentleyville-oh,Bentleyville,lead,taras-szmagala-2022,Taras Szmagala,lived_in,lived,,,
place:east-technical-high-school,East Technical High School,researched,mayor-frank-jackson-2025,Mayor Frank Jackson,associated_with_place,,,,
place:greater-cleveland-ethnographic-museum,Greater Cleveland Ethnographic Museum,researched,august-pust-2010,August Pust,associated_with_place,founded,,,
place:max-s-hayes-high-school,Max S. Hayes High School,researched,mayor-frank-jackson-2025,Mayor Frank Jackson,associated_with_place,studied,,,
place:shaker-heights,Shaker Heights,lead,jack-coyne-2013,Jack Coyne,lived_in,lived,,,
place:st-clair-superior,St. Clair-Superior,researched,carl-robson-2022,Carl Robson,associated_with_place,worked,,,
place:st-colman-church,St. Colman Church,researched,fr-jim-o-donnell-2012,Fr. Jim O’Donnell,associated_with_place,served,,,
