placeId,name,band,neighborhood,tieCount,people,shortHistory,currentlyReviewed,contentVersion,approve,newHistory,decisionReference,note
place:cleveland-ohio,"Cleveland, Ohio",lead,,15,Anda Cook | Beverly Kerecman | Bishop A. Edward Pevec | Catherine Jorgensen McCutcheon | Dr. Dieu Thuc Do | Helen Karpinski (1899 – 2002) | Jack Coyne | Jack Coyne | Josef Holzer | Lonnie McCauley | Pierre Bejjani | Richard A. Ganim | Taras Szmagala | Veronica Dahlberg | Victor Ruiz,,false,place-30d02b405c3c,,,,
place:cleveland-cultural-gardens,Cleveland Cultural Gardens,researched,Rockefeller Park,9,Anda Cook | Berj Shakarian | Branka Malinar | Johnny K. Wu | Joyce Mariani | Leo Weidenthal | Paul Burik | Svetlana Stolyarova | Wael Khoury,"The Cleveland Cultural Gardens are a living expression of the city’s immigrant history, cultural pride, and tradition of welcoming new communities. Several Hall of Fame inductees a",true,place-07f4721bd777,,,,
place:cleveland-state-university,Cleveland State University,researched,Campus District,6,Alex Machaskee | Jeanette Grasselli Brown | José C. Feliciano | Margaret W. Wong | Mayor Frank Jackson | Monte Ahuja,"Cleveland State University connects several Hall of Fame inductees across generations. Some studied at CSU, while others served the university through teaching, leadership, or civi",true,place-9f6046ed339d,,,,
place:cleveland-city-hall,Cleveland City Hall,researched,Downtown,5,Dr. Eugene Jordan | Joe Valencic | Joyce Mariani | Mayor Frank Jackson | Tony Petkovsek,"Cleveland City Hall is part of the city’s larger story of immigration, community, and civic belonging. Its public spaces have brought together residents from across Cleveland’s man",true,place-90c0dd299d75,,,,
place:one-world-day-rockefeller-park,One World Day at Rockefeller Park,researched,Rockefeller Park,5,Anda Cook | Dona Brady | Georgine Welo | Johnny K. Wu | Sheila Murphy Crawford,"One World Day turns Cleveland’s cultural diversity into a shared civic tradition. By bringing communities together in the Cultural Gardens, it strengthens cross-cultural ties, give",true,place-d35a111a13a4,,,,
place:asiatown,AsiaTown,researched,AsiaTown,4,Donna Hom | Giahoa Ryan | Johnny K. Wu | Margaret W. Wong,"AsiaTown is one of the places where Cleveland’s global character is lived every day. Its restaurants, markets, businesses, festivals, and community organizations have created jobs,",true,place-781d3ef2f85c,,,,
place:cleveland-public-library,Cleveland Public Library,researched,Downtown,4,Andy Chakalis | Beverly Kerecman | Joe Valencic | Leo Weidenthal,"Cleveland Public Library is both a downtown landmark and a keeper of the city’s shared memory. Through its collections, exhibitions, public programs, and civic role, the Library ha",true,place-5112b6538478,,,,
place:asia-plaza,Asia Plaza,researched,AsiaTown,2,Donna Hom | Johnny K. Wu,"Asia Plaza is both a commercial hub and a gathering place for Cleveland’s Asian communities. Its shops, restaurants, services, and shared spaces support immigrant-owned businesses ",true,place-225d07a59555,,,,
place:central-kinsman,Central and Kinsman,researched,Central and Kinsman,2,Mayor Frank Jackson | Paul Sciria,"Central and Kinsman are part of Cleveland’s neighborhood story—places where everyday life, local institutions, and community ties have shaped generations of residents. Their influe",true,place-f7780ccb0c21,,,,
place:sai-gon-plaza,Sai Gon Plaza,researched,AsiaTown,2,Dr. Dieu Thuc Do | Giahoa Ryan,"Sai Gon Plaza is a center of Vietnamese American business and community life in Cleveland. Its shops, services, and gathering spaces support local entrepreneurs, strengthen cultura",true,place-27f9e93678f6,,,,
place:united-states,United States,lead,,2,Giahoa Ryan | Shiv K. Aggarwal,,false,place-f897ac33e430,,,,
place:ashtabula,Ashtabula,lead,,1,Veronica Dahlberg,,false,place-e0cb426e18f0,,,,
place:beachwood-ohio,"Beachwood, Ohio",lead,,1,Alex Machaskee,,false,place-67f331df70e0,,,,
place:bentleyville-oh,"Bentleyville, OH",lead,,1,Taras Szmagala,,false,place-878de2aa79fd,,,,
place:cairo-egypt,"Cairo, Egypt",lead,,1,Rev. Mikhail Mikhail,,false,place-738462620387,,,,
place:can-tho-vietnam,"Can Tho, Vietnam",lead,,1,Le Nguyen,,false,place-6017b974ebbf,,,,
place:canton-ohio,"Canton, Ohio",lead,,1,Veronica Dahlberg,,false,place-8c6a602d57d1,,,,
place:cleveland,Cleveland,lead,,1,Rev. Mikhail Mikhail,,false,place-f5a40333b568,,,,
place:detroit-michigan,"Detroit, Michigan",lead,,1,Erika Puussaar,,false,place-5b1372ab082c,,,,
place:east-technical-high-school,East Technical High School,researched,Central,1,Mayor Frank Jackson,"Mayor Frank Jackson's record identifies East Technical High School as the setting for his January 2, 2006 mayoral swearing-in, making it a civic memory point in this collection.",false,place-c5d5cc2756f7,,,,
place:garracloon-county-mayo,"Garracloon, County Mayo",lead,,1,Gerald M. Quinn,,false,place-24e9620024c6,,,,
place:greater-cleveland-ethnographic-museum,Greater Cleveland Ethnographic Museum,researched,Greater Cleveland,1,August Pust,The Greater Cleveland Ethnographic Museum was created to preserve and share the histories of Cleveland’s many ethnic communities. Its collections documented how immigrant tradition,true,place-9732a3d5beee,,,,
place:guangdong-province-in-southern-china,Guangdong province in southern China,lead,,1,Donna Hom,,false,place-41d06786bb82,,,,
place:hong-kong,Hong Kong,lead,,1,Johnny K. Wu,,false,place-92f9fc99b398,,,,
place:india,India,lead,,1,Shiv K. Aggarwal,,false,place-3ffd0fc7d0e8,,,,
place:kurnool,Kurnool,lead,,1,Vijaya L. Emani,,false,place-0795496f3c1b,,,,
place:la-grange-ga,"La Grange, GA",lead,,1,"Reverend Dr. Otis Moss, Jr.",,false,place-4370956a938c,,,,
place:max-s-hayes-high-school,Max S. Hayes High School,researched,West Side,1,Mayor Frank Jackson,Max S. Hayes High School has long prepared Cleveland students for technical careers and further education. Its place in the city’s story shows how a neighborhood public school can ,true,place-dd210a1600cc,,,,
place:poland,Poland,lead,,1,Eugene Bak,,false,place-e2e6ed9e71e8,,,,
place:puerto-rico,Puerto Rico,lead,,1,Victor Ruiz,,false,place-7a950b19d07a,,,,
place:rach-gia-viet-nam,"Rach Gia, Viet Nam",lead,,1,Dr. Dieu Thuc Do,,false,place-9b9dad94331c,,,,
place:rijeka-flume-croatia,"Rijeka (Flume), Croatia",lead,,1,Vladimir Rus,,false,place-619b1d4be258,,,,
place:shaker-heights,Shaker Heights,lead,,1,Jack Coyne,,false,place-37f20e93949e,,,,
place:st-clair-superior,St. Clair-Superior,researched,St. Clair-Superior,1,Carl Robson,"Along St. Clair Avenue and the streets around it, immigrant businesses, neighborhood organizations, health services, and cultural institutions have built a distinctive east side co",true,place-8f633ecdb041,,,,
place:st-colman-church,St. Colman Church,researched,Near West Side,1,Fr. Jim O’Donnell,"Founded for Cleveland’s growing Irish immigrant community, St. Colman later became a wider neighborhood resource through meals, literacy programs, emergency assistance, housing sup",true,place-765239bbd4d6,,,,
place:utuado-puerto-rico,"Utuado, Puerto Rico",lead,,1,Honorable José A. Villanueva,,false,place-bde7bd674a25,,,,
place:vietnam,Vietnam,lead,,1,Giahoa Ryan,,false,place-68524bdc7f56,,,,
place:villalba-puerto-rico,"Villalba, Puerto Rico",lead,,1,Sister Alicia Alvarado,,false,place-41f878f6fefc,,,,
place:warren-ohio-mr,"Warren, Ohio, Mr",lead,,1,Alex Machaskee,,false,place-8db0189d7384,,,,
place:yauco-puerto-rico,"Yauco, Puerto Rico",lead,,1,José C. Feliciano,,false,place-83ab0703a1e4,,,,
place:youngstown-ohio,"Youngstown, Ohio",lead,,1,Lucretia Stoica,,false,place-a600ac92d019,,,,
place:albania,Albania,lead,,0,,,false,place-1dd48115e90a,,,,
place:beachwood,Beachwood,lead,,0,,,false,place-6b50049fc9b1,,,,
place:buckeye,Buckeye,lead,,0,,,false,place-c3d6c4bfb381,,,,
place:china,China,lead,,0,,,false,place-d484ebe1379c,,,,
place:cleveland-clinic,Cleveland Clinic,lead,,0,,,false,place-5b844920f3ef,,,,
place:cleveland-heights,Cleveland Heights,lead,,0,,,false,place-c778bedc301f,,,,
place:collinwood,Collinwood,lead,,0,,,false,place-d62cbd55d1c9,,,,
place:county-cork,County Cork,lead,,0,,,false,place-301013da3323,,,,
place:county-mayo,County Mayo,lead,,0,,,false,place-f271803f8bc3,,,,
place:cultrual-garden,Cultrual Garden,lead,,0,,,false,place-5cd599a5de3b,,,,
place:detroit-shoreway,Detroit Shoreway,lead,,0,,,false,place-37aa42a9ba0a,,,,
place:downtown,Downtown,lead,,0,,,false,place-6fc28380b3e9,,,,
place:egypt,Egypt,lead,,0,,,false,place-3cdd847ea830,,,,
place:estonia,Estonia,lead,,0,,,false,place-2f4779faca8c,,,,
place:ethiopia,Ethiopia,lead,,0,,,false,place-24cdd44932d5,,,,
place:germany,Germany,lead,,0,,,false,place-ee113bf3b802,,,,
place:glenville,Glenville,lead,,0,,,false,place-1e4099869fa2,,,,
place:greater-cleveland,Greater Cleveland,lead,,0,,,false,place-91a29b4c9eff,,,,
place:greece,Greece,lead,,0,,,false,place-e0ead2c62976,,,,
place:hungary,Hungary,lead,,0,,,false,place-53450508341a,,,,
place:italian-garden,Italian Garden,lead,,0,,,false,place-f6a69eccf296,,,,
place:italy,Italy,lead,,0,,,false,place-af8bb252f743,,,,
place:japan,Japan,lead,,0,,,false,place-3f8689b6d720,,,,
place:kinsman,Kinsman,lead,,0,,,false,place-02f88f7926a9,,,,
place:lakewood,Lakewood,lead,,0,,,false,place-578af95e290e,,,,
place:latvia,Latvia,lead,,0,,,false,place-c206a14733d1,,,,
place:lebanon,Lebanon,lead,,0,,,false,place-6d9dd6ae6817,,,,
place:lithuania,Lithuania,lead,,0,,,false,place-663919af514f,,,,
place:little-italy,Little Italy,lead,,0,,,false,place-d0faeefc9b8c,,,,
place:near-west-side,Near West Side,lead,,0,,,false,place-dbc3935f2a51,,,,
place:norway,Norway,lead,,0,,,false,place-7774912167e5,,,,
place:rockefeller-park,Rockefeller Park,lead,,0,,,false,place-c7daab37ef9b,,,,
place:russia,Russia,lead,,0,,,false,place-92c8e3a799b1,,,,
place:slavic-village,Slavic Village,lead,,0,,,false,place-2142c0644bb8,,,,
place:st-clair,St. Clair,lead,,0,,,false,place-bdb49bc57599,,,,
place:tremont,Tremont,lead,,0,,,false,place-0acd4d257321,,,,
place:ukraine,Ukraine,lead,,0,,,false,place-78e6b87b6741,,,,
place:university-circle,University Circle,lead,,0,,,false,place-945868f07e9a,,,,
place:usa,USA,lead,,0,,,false,place-7fd2e30b1653,,,,
place:ward-5,Ward 5,lead,,0,,,false,place-8e2751f252d2,,,,
place:west-park,West Park,lead,,0,,,false,place-908ed9d39d46,,,,
