tieId,personA,personAName,personB,personBName,sourceType,suggestedKind,verificationLayer,evidence,sourceUrls,corpusIds,currentStatus,decision,kind,label,inverseLabel,decisionReference,note
preview:person-rel:8e40365f3332f3,dr-eugene-jordan-2024,Dr. Eugene Jordan,khalid-samad-2016-2016,Khalid Samad,collaborator,collaborated-with,documented-in-profile,"Dr. Eugene Jordan on the steps of City Hall When very few people outside of Texas and Oklahoma had ever heard of Juneteenth, Dr. Jordan (along with Khalid Samad, Carl Ewing and a few others) told the story and pushed for its celebration.",https://clevelandinternationalhalloffame.com/inductees/dr-eugene-jordan/,person-rel:8e40365f3332f3,relationship,,,,,,
preview:person-rel:9461272745110b,dr-jaya-shah-2012,Dr. Jaya Shah,mona-alag-2017,Mona Alag,collaborator,collaborated-with,documented-in-profile,"As a Community Activist, she with the help of Mona Alag, Gita Gidwani, Kamala Nagpal, Sayanies organized a Voluntary organization known as Community Helping Hands Organization.",https://clevelandinternationalhalloffame.com/dr-jaya-shah-2012/,person-rel:9461272745110b,relationship,,,,,,
preview:person-rel:4f74dddf1bb11e,jim-craciun-2017,Jim Craciun,mona-alag-2017,Mona Alag,family_relationship,family-of,documented-in-profile,"Jim Craciun and Matt Zone Matt Zone inducting Jim Craciun Jim Craciun giving his acceptance remarks Father Remus Grama from St Mary Romanian Orthodox Cathedral gave the invocation Inductees Mona Alag and Jim Craciun Inductees Mona Alag, Jim Craciun and Basil Russo Jim Craciun with friends and family Tom Patton, Dick Pogue, Jim Craciun, Rocky and Kelli Perk.",https://clevelandinternationalhalloffame.com/jim-craciun/,person-rel:4f74dddf1bb11e,context,,,,,,
preview:person-rel:e5a2d89b283fa7,berj-shakarian-2020,Berj Shakarian,leo-weidenthal-2010,Leo Weidenthal,family_spouse,family-of,documented-in-profile,"He is not only a man committed to highlighting Cleveland as an international city, but he also has a deep knowledge and sensitivity to Cleveland history, and specifically to the history of the Cultural Gardens and the vision of Leo Weidenthal.” Berj has been married for almost 49 year to his wife, Carol, whom he met on the Rapid Transit while commuting to school.",https://clevelandinternationalhalloffame.com/berj-shakarian/,person-rel:e5a2d89b283fa7,relationship,,,,,,
preview:person-rel:3c76d1ff7841cf,dr-jaya-shah-2012,Dr. Jaya Shah,ramesh-shah-2020,Ramesh Shah,family_spouse,family-of,documented-in-profile,"With support & help from her husband, Ramesh Shah, she takes the team of 18-20 Physicians and 10-12 Volunteers from USA/UK/Canada to Indian Rural Villages and helps thousands of villagers who cannot afford good Medical help and/or who do not have access to good Professional Healthcare providers.",https://clevelandinternationalhalloffame.com/dr-jaya-shah-2012/,person-rel:3c76d1ff7841cf,relationship,,,,,,
preview:person-rel:22c838ae73948c,joyce-mariani-2023,Joyce Mariani,mayor-frank-jackson-2025,Mayor Frank Jackson,ceremonial_connection,,documented-in-profile,She was presented the Italian Heritage Award in 2008 by Mayor Frank Jackson at Cleveland City Hall for her re-education of the public about the historical importance of the 1930 Italian Cultural Garden as a public cultural monument to Italy and for her dedication to the cultural arts of Italy.,https://clevelandinternationalhalloffame.com/joyce-mariani/,person-rel:22c838ae73948c,relationship,,,,,,
preview:person-rel:892660f65aeb45,ramesh-shah-2020,Ramesh Shah,paramjit-singh-2010,Paramjit Singh,ceremonial_connection,,documented-in-profile,Ramesh Shah was inducted by Federation of India Community Associations Board Chairman Sudarshan Sathe and welcomed to the Hall by Inaugural CIHF inductee Paramjit Singh.,https://clevelandinternationalhalloffame.com/ramesh-shah/,person-rel:892660f65aeb45,context,,,,,,
preview:person-rel:575645cc2e223c,wael-khoury-2017,Wael Khoury,pierre-bejjani-2023,Pierre Bejjani,ceremonial_connection,,documented-in-profile,"Heather Hodges Dr. Wael Khoury and George Koussa Friends of Dr. Wael Khoury Tony and Mrs Abdulkarim, Sawssan Khoury and Pierre Bejjani Dr. Nizar Zein and Pierre Bejjani honoring Dr. Khoury.",https://clevelandinternationalhalloffame.com/wael-khoury/,person-rel:575645cc2e223c,relationship,,,,,,
preview:person-rel:e9629e62fb9811,wael-khoury-2017,Wael Khoury,sam-kim-2017,Sam Kim,ceremonial_connection,,documented-in-profile,"Dr. Nizar Zein inducts Dr. Wael Khoury Dr. Nizar Zein, Dr. Wael Khoury and Mrs. Sawssan Khoury Dr. Wael Khoury giving his acceptance remarks Inductees Dr. Wael Khoury, Marianna Miller and Sam Kim CCWA group honoring Dr. Wael Khoury Steve and Mrs. Petras, Dr. Wael Khoury and Amb.",https://clevelandinternationalhalloffame.com/wael-khoury/,person-rel:e9629e62fb9811,context,,,,,,
preview:person-rel:cc2b7b68c1ddbd,andy-fedynsky-2026,Andy Fedynsky,hon-mary-rose-oakar-2012,Hon. Mary Rose Oakar,documented_mention,,documented-in-profile,"Following completion of a Masters Degree at John Carroll University in 1980, he joined the Washington staff of Congresswoman Mary Rose Oakar working on Cleveland development and interfacing with a myriad of ethnic and other community groups.",https://clevelandinternationalhalloffame.com/andy-fedynsky/,person-rel:cc2b7b68c1ddbd,relationship,,,,,,
preview:person-rel:84a82b11be4191,august-pust-2010,August Pust,senator-george-voinovich-2010,Senator George Voinovich,documented_mention,,documented-in-profile,"Prior to this appointment, he was the Director of Multicultural Affairs & International Relations in the Governor’s Office, State of Ohio (1991-2002) and he served as Executive Assistant to Cleveland Mayors George Voinovich and Michael White, for Ethnic Affairs/International Relations.",https://clevelandinternationalhalloffame.com/august-pust-2010/,person-rel:84a82b11be4191,relationship,,,,,,
preview:person-rel:dae721bffb7476,basil-russo-2017,Basil Russo,bishop-anthony-pilla-2015,Bishop Anthony Pilla,documented_mention,,documented-in-profile,"In 1995, Basil was instrumental in leading the effort to create the Bishop Anthony Pilla Italian American Studies program at John Carroll University.",https://clevelandinternationalhalloffame.com/inductees-europe/basil-russo/,person-rel:dae721bffb7476,relationship,,,,,,
preview:person-rel:b31ed91caf948b,basil-russo-2017,Basil Russo,jim-craciun-2017,Jim Craciun,documented_mention,,documented-in-profile,"Basil Russo’s son-in-law Joseph Rosalina and daughter Gabriella Basil Russo son-in-law Joseph Rosalina Basil Russo and daughter Gabriella Basil Russo giving his acceptance remarks Basil and Pat Russo Inductees Mona Alag, Jim Craciun and Basil Russo Joe Rosalina and Kelli Perk Standing Ovation for Basil Russo. || Jim Craciun and Matt Zone Matt Zone inducting Jim Craciun Jim Craciun giving his acceptance remarks Father Remus Grama from St Mary Romanian Orthodox Cathedral gave the invocation Inductees Mona Alag and Jim Craciun Inductees Mona Alag, Jim Craciun and Basil Russo Jim Craciun with friends and family Tom Patton, Dick Pogue, Jim Craciun, Rocky and Kelli Perk.",https://clevelandinternationalhalloffame.com/inductees-europe/basil-russo/ https://clevelandinternationalhalloffame.com/jim-craciun/,person-rel:b31ed91caf948b person-rel:191450ac7d0cf8,context,,,,,,
preview:person-rel:953a64d58e4ad8,basil-russo-2017,Basil Russo,mona-alag-2017,Mona Alag,documented_mention,,documented-in-profile,"Basil Russo’s son-in-law Joseph Rosalina and daughter Gabriella Basil Russo son-in-law Joseph Rosalina Basil Russo and daughter Gabriella Basil Russo giving his acceptance remarks Basil and Pat Russo Inductees Mona Alag, Jim Craciun and Basil Russo Joe Rosalina and Kelli Perk Standing Ovation for Basil Russo.",https://clevelandinternationalhalloffame.com/inductees-europe/basil-russo/,person-rel:953a64d58e4ad8,context,,,,,,
preview:person-rel:a40112ef729606,erika-puussaar-2024,Erika Puussaar,ingrida-bublys-2019,Ingrida Bublys,documented_mention,,documented-in-profile,"Estonian Ambassador Kristjan Prikk being introduced Estonian Ambassador Kristjan Prikk Erika Puussaar receives award from Estonian Ambassador Kristjan Prikk Erika Puussaar giving acceptance speech MC Russ Mitchell lends a hand to Erika Puussaar Erika Puussaar with Estonian Ambassador and friends Erika Puussaar table Ukrainian leaders Marta Kelleher and Dr. George Jaskiw with Estonian Ambassador Kristjan Prikk Erika Puussaar with Egyptian Garden delegate Samy Tanious Cleveland City Council President Blaine Griffin with Estonian Ambassador Kristkan Prikk Slovenian Consul General Alenka Jerak, Estonian Ambassador Kristjan Prikk and Honorary Consul of Lithuania Ingrida Bublys Erika Puussaar with 2023 inductee Pierre Bejjani Ukrainian leader Marta Kelleher with Estonian Ambassador Kristjan Prikk Ukrainian leaders Dr. George Jaskiw and Marta Kelleher Dan Hanson, Ambassador Kristjan Prikk, Russ Mitchell and Honorary Lithuanian Consul Ingrida Bublys Erika Puussaar and Oanh Loi-Powell.",https://clevelandinternationalhalloffame.com/inductees/erika-puussaar/,person-rel:a40112ef729606,relationship,,,,,,
preview:person-rel:f48514b32d2e5b,erika-puussaar-2024,Erika Puussaar,irene-morrow-2010,Irene Morrow,documented_mention,,documented-in-profile,"Judge Ralph Perk Jr., Irene Morrow and Erika Puussaar Erika continues to support the local Estonian communities’ activities as well as keeping informed of conditions in her homeland.",https://clevelandinternationalhalloffame.com/inductees/erika-puussaar/,person-rel:f48514b32d2e5b,relationship,,,,,,
preview:person-rel:65f460e66edd9f,erika-puussaar-2024,Erika Puussaar,pierre-bejjani-2023,Pierre Bejjani,documented_mention,,documented-in-profile,"Estonian Ambassador Kristjan Prikk being introduced Estonian Ambassador Kristjan Prikk Erika Puussaar receives award from Estonian Ambassador Kristjan Prikk Erika Puussaar giving acceptance speech MC Russ Mitchell lends a hand to Erika Puussaar Erika Puussaar with Estonian Ambassador and friends Erika Puussaar table Ukrainian leaders Marta Kelleher and Dr. George Jaskiw with Estonian Ambassador Kristjan Prikk Erika Puussaar with Egyptian Garden delegate Samy Tanious Cleveland City Council President Blaine Griffin with Estonian Ambassador Kristkan Prikk Slovenian Consul General Alenka Jerak, Estonian Ambassador Kristjan Prikk and Honorary Consul of Lithuania Ingrida Bublys Erika Puussaar with 2023 inductee Pierre Bejjani Ukrainian leader Marta Kelleher with Estonian Ambassador Kristjan Prikk Ukrainian leaders Dr. George Jaskiw and Marta Kelleher Dan Hanson, Ambassador Kristjan Prikk, Russ Mitchell and Honorary Lithuanian Consul Ingrida Bublys Erika Puussaar and Oanh Loi-Powell.",https://clevelandinternationalhalloffame.com/inductees/erika-puussaar/,person-rel:65f460e66edd9f,relationship,,,,,,
preview:person-rel:b85c29edad58f0,erika-puussaar-2024,Erika Puussaar,ralph-perk-jr-2018,Ralph Perk Jr.,documented_mention,,documented-in-profile,"Judge Ralph Perk Jr., Irene Morrow and Erika Puussaar Erika continues to support the local Estonian communities’ activities as well as keeping informed of conditions in her homeland.",https://clevelandinternationalhalloffame.com/inductees/erika-puussaar/,person-rel:b85c29edad58f0,relationship,,,,,,
preview:person-rel:897f566075161f,jim-craciun-2017,Jim Craciun,dick-pogue-2015,Dick Pogue,documented_mention,,documented-in-profile,"Jim Craciun and Matt Zone Matt Zone inducting Jim Craciun Jim Craciun giving his acceptance remarks Father Remus Grama from St Mary Romanian Orthodox Cathedral gave the invocation Inductees Mona Alag and Jim Craciun Inductees Mona Alag, Jim Craciun and Basil Russo Jim Craciun with friends and family Tom Patton, Dick Pogue, Jim Craciun, Rocky and Kelli Perk.",https://clevelandinternationalhalloffame.com/jim-craciun/,person-rel:897f566075161f,context,,,,,,
preview:person-rel:a9a22722d7309e,johnny-k-wu-2024,Johnny K. Wu,aklilu-demessie-2026,Aklilu Demessie,documented_mention,,documented-in-profile,"Russ Mitcehll introduces Margaret Wong Margaret Wong inducting Johnny Wu Margaret Wong inducts Johnny Wu Margaret Wong and Johnny Wu Johnny Wu Hall of Fame acceptance speech Anjan Ghose, Dan Monroe, Ying Pu and Margaret Wong watching Johnny Wu speak Margaret Wong, Johnny Wu and Lisa and Wayne Wong Eddie Ni Table Li Wah Table Johnny Wu Table Johnny Wu and friends Li Wah Table Ethiopian leader Aklilu Demessie with Johnny Wu and Bill Franklin Johnny Wu friends selfie Li Wah/Asia Plaza Johnny Wu and Nick Mulbach Johnny Wu and Nada Martinovic Johnny Wu and Anthony Yen Johnny Wu and friends Johnny K.",https://clevelandinternationalhalloffame.com/inductees/johnny-k-wu/,person-rel:a9a22722d7309e,context,,,,,,
preview:person-rel:1f7ceed61f472a,le-nguyen-2026,Le Nguyen,mayor-frank-jackson-2025,Mayor Frank Jackson,documented_mention,,documented-in-profile,He later served as the city’s Asian Liaison under Mayor Michael White and continued his work through the administrations of Mayor Jane Campbell and Mayor Frank Jackson.,https://clevelandinternationalhalloffame.com/le-nguyen-class-of-2026-vietnames-heritage-cleveland-international-hall-of-fame/,person-rel:1f7ceed61f472a,relationship,,,,,,
preview:person-rel:5e81381bc906c0,le-nguyen-2026,Le Nguyen,valarie-mccall-2020,Valarie McCall,documented_mention,,documented-in-profile,But he wrote his remarks which were read by the Mayor’s former Chief of Staff Valarie McCall.,https://clevelandinternationalhalloffame.com/le-nguyen-class-of-2026-vietnames-heritage-cleveland-international-hall-of-fame/,person-rel:5e81381bc906c0,relationship,,,,,,
preview:person-rel:b6d6c274603e3d,paramjit-singh-2010,Paramjit Singh,senator-george-voinovich-2010,Senator George Voinovich,documented_mention,,documented-in-profile,"He has served as President of FICA, Vice President NFIA, President of American Society of Engineers of Indian Origin, Cleveland Chapter, Founding member of Asian-Indian-American Business Group, Asian-Indian-American for Better Government, Executive member of Cleveland Mayor George Voinovich’s Asian Advisory Council, and more.",https://clevelandinternationalhalloffame.com/paramjit-singh-2010/,person-rel:b6d6c274603e3d,relationship,,,,,,
preview:person-rel:e0392db8b27982,samuel-h-miller-2013,Samuel H. Miller,nacy-panzica-2013,Nacy Panzica,documented_mention,,documented-in-profile,Nacy Panzica Nacy Panzica has been in the construction industry for over 60 years.,https://clevelandinternationalhalloffame.com/sam-miller-2013/,person-rel:e0392db8b27982,context,,,,,,
preview:person-rel:bf085364d09f59,ralph-j-perk-2011,Ralph J. Perk,senator-george-voinovich-2010,Senator George Voinovich,electoral_relationship,,documented-in-profile,"In 1971 he won the Republican primary, beating out George Voinovich.",https://clevelandinternationalhalloffame.com/ralph-perk-2011/mayor-ralph-perk-2011/,person-rel:bf085364d09f59,relationship,,,,,,
preview:person-rel:0622edc19194e9,tony-petkovsek-2011,Tony Petkovsek,senator-george-voinovich-2010,Senator George Voinovich,friend,,documented-in-profile,He later served Governor Voinovich on the Ohio Arts Council and also emceed two gubernatorial innaugurations in Columbus for longtime friend George Voinovich.,https://clevelandinternationalhalloffame.com/tony-petkovsek-2011/,person-rel:0622edc19194e9,relationship,,,,,,
preview:person-rel:6d69f4f9d65b17,sister-alicia-alvarado-2018,Sister Alicia Alvarado,jose-c-feliciano-2012,José C. Feliciano,joint_oral_history_participant,,finding-aid-and-opened-online-source,"Sister Alicia Alvarado and José C. Feliciano participated in the same September 18, 2017 Stokes oral-history interview.",https://catalog.wrhs.org/collections/view?docId=ead/MS5416.xml,person-rel:6d69f4f9d65b17,relationship,,,,,,
preview:person-rel:f4681a01a1ab23,le-nguyen-2026,Le Nguyen,senator-george-voinovich-2010,Senator George Voinovich,public_service_relationship,,documented-in-profile,"His work quickly earned the trust of city leadership, and under Mayor George Voinovich, Le became a key figure in community relations.",https://clevelandinternationalhalloffame.com/le-nguyen-class-of-2026-vietnames-heritage-cleveland-international-hall-of-fame/,person-rel:f4681a01a1ab23,relationship,,,,,,
preview:person-rel:1786508f3c767c,lucy-torres-2026,Lucy Torres,mayor-frank-jackson-2025,Mayor Frank Jackson,public_service_relationship,,documented-in-profile,"Her leadership extended into municipal government, where she served as a community liaison under Mayor Frank Jackson from 2006 to 2016.",https://clevelandinternationalhalloffame.com/lucy-torres/,person-rel:1786508f3c767c,relationship,,,,,,
