filmId,fix,find,replaceWith,decisionReference,note
2KBxzdgiqJM,blank,,,film-captions-review-2026-09-27,Reviewed by Tony Yanick in the staff review app.
4jjbyRcwk3Y,music,,,film-captions-review-2026-09-27,Reviewed by Tony Yanick in the staff review app.
BKuCcyGsdek,music,,,film-captions-review-2026-09-27,Reviewed by Tony Yanick in the staff review app.
qzHokEDkXQc,blank,,,film-captions-review-2026-09-27,Reviewed by Tony Yanick in the staff review app.
XeheG0iGICs,music,,,film-captions-review-2026-09-27,Reviewed by Tony Yanick in the staff review app.
khFzLbaSw0o,music,,,film-captions-review-2026-09-27,Reviewed by Tony Yanick in the staff review app.
diVkkJkn0sY,music,,,film-captions-review-2026-09-27,Reviewed by Tony Yanick in the staff review app.
DoZUzteeFMU,music,,,film-captions-review-2026-09-27,Reviewed by Tony Yanick in the staff review app.
ZT80-BrCIyk,music,,,film-captions-review-2026-09-27,Reviewed by Tony Yanick in the staff review app.
