filmId,decision,title,decisionReference,note
1KFtDD1w3lg,approve,Pierre Bejjani inducts Abdullah Mina into Hall of Fame,film-titles-review-2026-09-29,Reviewed by Tony Yanick in the staff review app.
FwV6dXkUhnc,approve,Abdullah (Abby) Mina inducted into Cleveland International Hall of Fame,film-titles-review-2026-09-29,Reviewed by Tony Yanick in the staff review app.
Nlcx5vaC37I,approve,Aklilu Demessie inducted into Cleveland International Hall of Fame,film-titles-review-2026-09-29,Reviewed by Tony Yanick in the staff review app.
C6EuNqGZH5E,approve,Dr. Akram Boutros inducted into Cleveland International Hall of Fame,film-titles-review-2026-09-29,Reviewed by Tony Yanick in the staff review app.
P34omi5XUiY,approve,Cleveland International Hall of Fame Class of 2024 (4/23/24),film-titles-review-2026-09-29,Reviewed by Tony Yanick in the staff review app.
-jbd_GOy7hk,approve,Anda Cook inducted by Dagmar Celeste into Cleveland International Hall of Fame,film-titles-review-2026-09-29,Reviewed by Tony Yanick in the staff review app.
bS3656smMfM,approve,Andy Chakalis inducted into Cleveland International Hall of Fame,film-titles-review-2026-09-29,Reviewed by Tony Yanick in the staff review app.
Kp2oRe3w1EM,approve,Andy Fedynsky inducted into Cleveland International Hall of Fame,film-titles-review-2026-09-29,Reviewed by Tony Yanick in the staff review app.
hmsfn1_1Kpg,approve,Arnie de la Porte inducted in Cleveland International Hall of Fame,film-titles-review-2026-09-29,Reviewed by Tony Yanick in the staff review app.
4pafixyd1zU,approve,Richard Buoncore inducts Dr. Atul Mehta in Hall of Fame,film-titles-review-2026-09-29,"The YouTube title's spelling Ahtul corrected to Atul, as the collection spells his name. Reviewed by Tony Yanick in the staff review app."
EATzGX8chuI,approve,Dr. Atul Mehta inducted into Cleveland International Hall of Fame,film-titles-review-2026-09-29,"The YouTube title's spelling Ahtul corrected to Atul, as the collection spells his name. Reviewed by Tony Yanick in the staff review app."
RzY-lrL0HWo,approve,Basil Russo inducted into Cleveland International Hall of Fame,film-titles-review-2026-09-29,Reviewed by Tony Yanick in the staff review app.
2KBxzdgiqJM,approve,Berj Shakarian inducted into Cleveland International Hall of Fame by Paul Burik,film-titles-review-2026-09-29,Reviewed by Tony Yanick in the staff review app.
Engy3m5Efcc,approve,Berj Shakarian inducted in Cleveland International Hall of Fame,film-titles-review-2026-09-29,Reviewed by Tony Yanick in the staff review app.
4jjbyRcwk3Y,approve,Beverly Kerecman inducted into Cleveland International Hall of Fame,film-titles-review-2026-09-29,Reviewed by Tony Yanick in the staff review app.
7AjUc16ao90,approve,Bill Miller inducted into Cleveland International Hall of Fame,film-titles-review-2026-09-29,Reviewed by Tony Yanick in the staff review app.
KMVo49Zi-94,approve,Bishop Anthony Pilla in Cleveland International Hall of Fame,film-titles-review-2026-09-29,Reviewed by Tony Yanick in the staff review app.
PpXIVZKq49U,approve,Sam Miller inducts Bishop Anthony Pilla into Hall of Fame,film-titles-review-2026-09-29,Reviewed by Tony Yanick in the staff review app.
BKuCcyGsdek,approve,Branka M. Malinar inducted into Cleveland International Hall of Fame,film-titles-review-2026-09-29,Reviewed by Tony Yanick in the staff review app.
3Zl6-HYV89Q,approve,Dr. Carl Robson inducted by Aklilu Demessie into Cleveland International Hall of Fame,film-titles-review-2026-09-29,Reviewed by Tony Yanick in the staff review app.
qzHokEDkXQc,approve,Dr. Maria Pujana inducts Carolyn Balogh into Hall of Fame,film-titles-review-2026-09-29,Reviewed by Tony Yanick in the staff review app.
e_C-YpIWjt8,approve,Carolyn Balogh inducted in Cleveland International Hall of Fame,film-titles-review-2026-09-29,Reviewed by Tony Yanick in the staff review app.
e3gWQ-kdEF4,approve,Catherine Jorgensen McCutcheon inducted into Cleveland International Hall of Fame,film-titles-review-2026-09-29,Reviewed by Tony Yanick in the staff review app.
XeheG0iGICs,approve,David Gilbert inducted into Cleveland International Hall of Fame,film-titles-review-2026-09-29,Reviewed by Tony Yanick in the staff review app.
7MkiB5FNQ_g,approve,Sanjiv Kapur inducts Dick Pogue into Hall of Fame,film-titles-review-2026-09-29,Reviewed by Tony Yanick in the staff review app.
qtbU6qlpxRE,approve,Dick Pogue in Cleveland International Hall of Fame,film-titles-review-2026-09-29,Reviewed by Tony Yanick in the staff review app.
ivlrvgM81r8,approve,Loree Vick inducts former co-anchor Dick Russ into Hall of Fame,film-titles-review-2026-09-29,Reviewed by Tony Yanick in the staff review app.
xJ9n1QOUafg,approve,Dick Russ in Cleveland International Hall of Fame,film-titles-review-2026-09-29,Reviewed by Tony Yanick in the staff review app.
Tsl-t9x0Ub0,approve,Polish Consul General Urszula Gacek inducts Eugenia Stolarczyk,film-titles-review-2026-09-29,Reviewed by Tony Yanick in the staff review app.
uw_NYpsccxM,approve,Eugenia Stolarczyk inducted in Cleveland International Hall of Fame,film-titles-review-2026-09-29,Reviewed by Tony Yanick in the staff review app.
JAWjKTg5nRg,approve,Mayor Georgine Welo inducted into Cleveland International Hall of Fame,film-titles-review-2026-09-29,Reviewed by Tony Yanick in the staff review app.
7Jj4sizisoM,approve,José C. Feliciano inducts Honorable José A. Villanueva,film-titles-review-2026-09-29,Reviewed by Tony Yanick in the staff review app.
i5FJexABnHI,approve,Honorable José A. Villanueva in Cleveland International Hall of Fame,film-titles-review-2026-09-29,Reviewed by Tony Yanick in the staff review app.
ObIi5VXcP7Q,approve,Ingrida Bublys inducted into Cleveland International Hall of Fame,film-titles-review-2026-09-29,Reviewed by Tony Yanick in the staff review app.
dW7qMIULLko,approve,Dan Coughlin inducts Jack Kahl into Hall of Fame,film-titles-review-2026-09-29,Reviewed by Tony Yanick in the staff review app.
eKdfG3zz9Os,approve,Jack Kahl inducted in Cleveland International Hall of Fame,film-titles-review-2026-09-29,Reviewed by Tony Yanick in the staff review app.
XZh7vcFsUns,approve,Jim Craciun inducted into Cleveland International Hall of Fame,film-titles-review-2026-09-29,Reviewed by Tony Yanick in the staff review app.
khFzLbaSw0o,approve,Joyce Mariani inducted into Cleveland International Hall of Fame,film-titles-review-2026-09-29,Reviewed by Tony Yanick in the staff review app.
kkjaaUZr2ps,approve,Cleveland Director Blaine Griffin inducts Khalid Samad,film-titles-review-2026-09-29,Reviewed by Tony Yanick in the staff review app.
mqCQvmZsu88,approve,Khalid Samad in Cleveland International Hall of Fame,film-titles-review-2026-09-29,Reviewed by Tony Yanick in the staff review app.
T5peEDc8mE8,approve,Le Nguyen inducted into Cleveland International Hall of Fame,film-titles-review-2026-09-29,Reviewed by Tony Yanick in the staff review app.
TU54lNScxz4,approve,Lucy Torres inducted into Cleveland International Hall of Fame,film-titles-review-2026-09-29,Reviewed by Tony Yanick in the staff review app.
mTJMMiUk5nI,approve,Margaret Lynch inducted into Cleveland International Hall of Fame by Gerry Quinn,film-titles-review-2026-09-29,Reviewed by Tony Yanick in the staff review app.
PgUsrTbLHJ4,approve,Marilyn Madigan inducted into Cleveland International Hall of Fame,film-titles-review-2026-09-29,Reviewed by Tony Yanick in the staff review app.
yxyHzJyqYt0,approve,May Chen inducted in Cleveland International Hall of Fame,film-titles-review-2026-09-29,Reviewed by Tony Yanick in the staff review app.
QDE5BVEyNKg,approve,May Chen inducted into Cleveland International Hall of Fame by Margaret Wong,film-titles-review-2026-09-29,Reviewed by Tony Yanick in the staff review app.
diVkkJkn0sY,approve,Mayor Frank G. Jackson inducted into Cleveland International Hall of Fame,film-titles-review-2026-09-29,Reviewed by Tony Yanick in the staff review app.
IYv4tYCJ3m8,approve,Michael Polensek inducted into Cleveland International Hall of Fame,film-titles-review-2026-09-29,Reviewed by Tony Yanick in the staff review app.
iX7-ecPZvy4,approve,Dr Mohan Bafna inducted in Cleveland International Hall of Fame,film-titles-review-2026-09-29,Reviewed by Tony Yanick in the staff review app.
KAhoZMRbZnA,approve,Suresh Bafna inducts Dr Mohan Bafna into Hall of Fame,film-titles-review-2026-09-29,Reviewed by Tony Yanick in the staff review app.
2mG5GMQXUZQ,approve,Mona Alag inducted into Cleveland International Hall of Fame,film-titles-review-2026-09-29,Reviewed by Tony Yanick in the staff review app.
b_zP9VqXJbY,approve,Paul Burik inducted into Cleveland International Hall of Fame,film-titles-review-2026-09-29,Reviewed by Tony Yanick in the staff review app.
11fqd7MQ8Fs,approve,Pierre Bejjani inducted into Cleveland International Hall of Fame,film-titles-review-2026-09-29,Reviewed by Tony Yanick in the staff review app.
DoZUzteeFMU,approve,"Raj Aggarwal, PhD, CFA inducted into Cleveland International Hall of Fame",film-titles-review-2026-09-29,Reviewed by Tony Yanick in the staff review app.
8CPuLovefwA,approve,Judge Ralph Perk Jr. in Cleveland International Hall of Fame,film-titles-review-2026-09-29,Reviewed by Tony Yanick in the staff review app.
QxG7VrfKyXo,approve,Congresswoman Mary Rose Oakar inducts Judge Ralph Perk Jr. in Hall of Fame,film-titles-review-2026-09-29,Reviewed by Tony Yanick in the staff review app.
-5gDFAKdaXM,approve,Ramesh Shah inducted into Cleveland International Hall of Fame by Sudarshan Sathe,film-titles-review-2026-09-29,Reviewed by Tony Yanick in the staff review app.
fEHO9Uwgb9g,approve,Ramesh Shah - Cleveland International Hall of Fame Induction,film-titles-review-2026-09-29,Reviewed by Tony Yanick in the staff review app.
D1Rgv29APUk,approve,Councilman Brancatelli inducts Judge Ray Pianka into Hall of Fame,film-titles-review-2026-09-29,Reviewed by Tony Yanick in the staff review app.
kofOH1CYKBQ,approve,Mayor Richard Ganim in Cleveland International Hall of Fame,film-titles-review-2026-09-29,Reviewed by Tony Yanick in the staff review app.
M384Uvg0bh8,approve,Pierre Bejjani inducts Mayor Richard Ganim into Hall of Fame,film-titles-review-2026-09-29,Reviewed by Tony Yanick in the staff review app.
5BYSPErYD3o,approve,Richard Fleischman inducted into Cleveland International Hall of Fame,film-titles-review-2026-09-29,Reviewed by Tony Yanick in the staff review app.
f78jlqAJnqM,approve,Seung (Sam) Kim inducted into Cleveland International Hall of Fame,film-titles-review-2026-09-29,Reviewed by Tony Yanick in the staff review app.
nC0wST9j-J0,approve,Gerry Quinn inducts Sheila Murphy Crawford into Hall of Fame,film-titles-review-2026-09-29,Reviewed by Tony Yanick in the staff review app.
i-iB8SADV8Q,approve,Sheila Murphy Crawford inducted into Cleveland International Hall of Fame,film-titles-review-2026-09-29,Reviewed by Tony Yanick in the staff review app.
-2OMPdY2pfw,approve,Shiv Aggarwal in Cleveland International Hall of Fame,film-titles-review-2026-09-29,Reviewed by Tony Yanick in the staff review app.
soPrjwdQWfw,approve,Sister Alicia Alvarado inducted into Cleveland International Hall of Fame,film-titles-review-2026-09-29,Reviewed by Tony Yanick in the staff review app.
9e7DWWD6_l0,approve,Jose Feliciano inducts Sister Alicia Alvarado into Cleveland Hall of Fame,film-titles-review-2026-09-29,Reviewed by Tony Yanick in the staff review app.
IXo79dbDE_M,approve,Sree Sreenath inducted into Cleveland International Hall of Fame,film-titles-review-2026-09-29,Reviewed by Tony Yanick in the staff review app.
GDfhVKV-PfY,approve,Steve Mulloy in Cleveland International Hall of Fame,film-titles-review-2026-09-29,Reviewed by Tony Yanick in the staff review app.
nINk_D8bi54,approve,Mayor Jane Campbell inducts Steve Mulloy into Hall of Fame,film-titles-review-2026-09-29,Reviewed by Tony Yanick in the staff review app.
q4nkyvZtzRU,approve,Sudarshan Sathe inducted into Cleveland International Hall of Fame,film-titles-review-2026-09-29,Reviewed by Tony Yanick in the staff review app.
ZT80-BrCIyk,approve,Svetlana Stolyarova inducted into Cleveland International Hall of Fame,film-titles-review-2026-09-29,Reviewed by Tony Yanick in the staff review app.
YPC3hutSgL8,approve,Taras Szmagala inducted by Andy Fedynsky into Cleveland International Hall of Fame,film-titles-review-2026-09-29,Reviewed by Tony Yanick in the staff review app.
tB2FCpsakkA,approve,Valarie McCall inducted into Cleveland International Hall of Fame,film-titles-review-2026-09-29,Reviewed by Tony Yanick in the staff review app.
b9-AD6gYt14,approve,Victor Ruiz inducted by Dr. Alex Johnson into Cleveland International Hall of Fame,film-titles-review-2026-09-29,Reviewed by Tony Yanick in the staff review app.
OAZ7t2i1W10,approve,Wael Khoury MD inducted into Cleveland International Hall of Fame,film-titles-review-2026-09-29,Reviewed by Tony Yanick in the staff review app.
