id,contentVersion,decision,decisionReference,note
jeanette-grasselli-brown-2010,profile-f89c3e7e5f99,approve,profiles-review-2026-09-27,Reviewed by Tony Yanick in the staff review app.
dr-dieu-thuc-do-2010,profile-d89b9c964484,approve,profiles-review-2026-09-27,Reviewed by Tony Yanick in the staff review app.
robert-j-haas-2010,profile-d140d1ded2f4,approve,profiles-review-2026-09-27,Reviewed by Tony Yanick in the staff review app.
helen-karpinski-1899-2002-2010,profile-5dea3a606a97,approve,profiles-review-2026-09-27,Reviewed by Tony Yanick in the staff review app.
alex-machaskee-2010,profile-bfec2b9a4046,approve,profiles-review-2026-09-27,Reviewed by Tony Yanick in the staff review app.
lonnie-mccauley-2010,profile-84056c0ef195,approve,profiles-review-2026-09-27,Reviewed by Tony Yanick in the staff review app.
irene-morrow-2010,profile-ef2211178d65,approve,profiles-review-2026-09-27,Reviewed by Tony Yanick in the staff review app.
august-pust-2010,profile-789facb1fd8d,approve,profiles-review-2026-09-27,Reviewed by Tony Yanick in the staff review app.
paul-sciria-2010,profile-fb0dddcc78f5,approve,profiles-review-2026-09-27,Reviewed by Tony Yanick in the staff review app.
paramjit-singh-2010,profile-60e034cb2b33,approve,profiles-review-2026-09-27,Reviewed by Tony Yanick in the staff review app.
senator-george-voinovich-2010,profile-45551cf2f4e0,approve,profiles-review-2026-09-27,Reviewed by Tony Yanick in the staff review app.
leo-weidenthal-2010,profile-8b2d587e3199,approve,profiles-review-2026-09-27,Reviewed by Tony Yanick in the staff review app.
margaret-w-wong-2010,profile-74fad0b43cd9,approve,profiles-review-2026-09-27,Reviewed by Tony Yanick in the staff review app.
vijaya-l-emani-2011,profile-8288e3b4844c,approve,profiles-review-2026-09-27,Reviewed by Tony Yanick in the staff review app.
luis-martinez-2011,profile-5a318de53734,approve,profiles-review-2026-09-27,Reviewed by Tony Yanick in the staff review app.
reverend-dr-otis-moss-jr-2011,profile-c8d99b2bf666,approve,profiles-review-2026-09-27,Reviewed by Tony Yanick in the staff review app.
ralph-j-perk-2011,profile-c4ab76be096c,approve,profiles-review-2026-09-27,Reviewed by Tony Yanick in the staff review app.
tony-petkovsek-2011,profile-8d7768338de2,approve,profiles-review-2026-09-27,Reviewed by Tony Yanick in the staff review app.
gerald-m-quinn-2011,profile-270969658c67,approve,profiles-review-2026-09-27,Reviewed by Tony Yanick in the staff review app.
albert-b-ratner-2011,profile-d9650169f700,approve,profiles-review-2026-09-27,Reviewed by Tony Yanick in the staff review app.
giahoa-ryan-2011,profile-604bbf25b135,approve,profiles-review-2026-09-27,Reviewed by Tony Yanick in the staff review app.
lucretia-stoica-2011,profile-3a153d2dd371,approve,profiles-review-2026-09-27,Reviewed by Tony Yanick in the staff review app.
jose-c-feliciano-2012,profile-eee7f5447d04,approve,profiles-review-2026-09-27,Reviewed by Tony Yanick in the staff review app.
ken-kovach-2012,profile-7114c86c4845,approve,profiles-review-2026-09-27,Reviewed by Tony Yanick in the staff review app.
milton-maltz-2012,profile-0ae5118ea414,approve,profiles-review-2026-09-27,Reviewed by Tony Yanick in the staff review app.
fr-jim-o-donnell-2012,profile-df7f7bad4ae8,approve,profiles-review-2026-09-27,Reviewed by Tony Yanick in the staff review app.
hon-mary-rose-oakar-2012,profile-7b76c23ba2c9,approve,profiles-review-2026-09-27,Reviewed by Tony Yanick in the staff review app.
vladimir-rus-2012,profile-8d4a119f26eb,approve,profiles-review-2026-09-27,Reviewed by Tony Yanick in the staff review app.
dr-jaya-shah-2012,profile-170c2cf5c900,approve,profiles-review-2026-09-27,Reviewed by Tony Yanick in the staff review app.
anthony-yen-yan-yuan-tai-2012,profile-bf3ff2519d51,approve,profiles-review-2026-09-27,Reviewed by Tony Yanick in the staff review app.
jack-coyne-2013,profile-049f2c3d8677,approve,profiles-review-2026-09-27,Reviewed by Tony Yanick in the staff review app.
josef-holzer-2013,profile-627e8596ac4c,approve,profiles-review-2026-09-27,Reviewed by Tony Yanick in the staff review app.
samuel-h-miller-2013,profile-a0b6c38ed1bb,approve,profiles-review-2026-09-27,Reviewed by Tony Yanick in the staff review app.
nacy-panzica-2013,profile-6d05e244c91c,approve,profiles-review-2026-09-27,Reviewed by Tony Yanick in the staff review app.
bishop-a-edward-pevec-2013,profile-d3f7894e93d6,approve,profiles-review-2026-09-27,Reviewed by Tony Yanick in the staff review app.
dr-maria-pujana-2013,profile-1b04f3bf52b4,approve,profiles-review-2026-09-27,Reviewed by Tony Yanick in the staff review app.
ratanjit-s-sondhe-2013,profile-4d45ab26ffcb,approve,profiles-review-2026-09-27,Reviewed by Tony Yanick in the staff review app.
monte-ahuja-2014,profile-83e4efc072a9,approve,profiles-review-2026-09-27,Reviewed by Tony Yanick in the staff review app.
eugene-bak-2014,profile-32d8a3e3c632,approve,profiles-review-2026-09-27,Reviewed by Tony Yanick in the staff review app.
margaret-callander-2014,profile-63c0c2fa239a,approve,profiles-review-2026-09-27,Reviewed by Tony Yanick in the staff review app.
jim-foster-2014,profile-dbf4a8153c88,approve,profiles-review-2026-09-27,Reviewed by Tony Yanick in the staff review app.
donna-hom-2014,profile-a03319bd26af,approve,profiles-review-2026-09-27,Reviewed by Tony Yanick in the staff review app.
joseph-p-meissner-2014,profile-ba89bfb42250,approve,profiles-review-2026-09-27,Reviewed by Tony Yanick in the staff review app.
ernie-mihaly-2014,profile-6836380e0feb,approve,profiles-review-2026-09-27,Reviewed by Tony Yanick in the staff review app.
thomas-j-scanlon-2014,profile-91b9ce073c3e,approve,profiles-review-2026-09-27,Reviewed by Tony Yanick in the staff review app.
shiv-k-aggarwal-2015,profile-0433946fe2d5,approve,profiles-review-2026-09-27,Reviewed by Tony Yanick in the staff review app.
richard-a-ganim-2015,profile-a2aa80d13287,approve,profiles-review-2026-09-27,Reviewed by Tony Yanick in the staff review app.
steve-mulloy-2015,profile-b33bc2cc090b,approve,profiles-review-2026-09-27,Reviewed by Tony Yanick in the staff review app.
bishop-anthony-pilla-2015,profile-d04c052da272,approve,profiles-review-2026-09-27,Reviewed by Tony Yanick in the staff review app.
dick-pogue-2015,profile-d962dee3368b,approve,profiles-review-2026-09-27,Reviewed by Tony Yanick in the staff review app.
dick-russ-2015,profile-4145a4617a51,approve,profiles-review-2026-09-27,Reviewed by Tony Yanick in the staff review app.
honorable-jose-a-villanueva-2015,profile-a58613731b1d,approve,profiles-review-2026-09-27,Reviewed by Tony Yanick in the staff review app.
mohan-bafna-2016,profile-dcfb0bd9aaa5,approve,profiles-review-2026-09-27,Reviewed by Tony Yanick in the staff review app.
carolyn-balogh-2016-2016,profile-4a4b17ca1c95,approve,profiles-review-2026-09-27,Reviewed by Tony Yanick in the staff review app.
arnie-de-la-porte-2016-2016,profile-0dfe3fef312a,approve,profiles-review-2026-09-27,Reviewed by Tony Yanick in the staff review app.
jack-kahl-2016,profile-db9243952b3a,approve,profiles-review-2026-09-27,Reviewed by Tony Yanick in the staff review app.
rev-mikhail-mikhail-2016,profile-1b23ea31bb57,approve,profiles-review-2026-09-27,Reviewed by Tony Yanick in the staff review app.
khalid-samad-2016-2016,profile-f85dad99e155,approve,profiles-review-2026-09-27,Reviewed by Tony Yanick in the staff review app.
eugenia-stolarczyk-2016-2016,profile-e4cc470bed5a,approve,profiles-review-2026-09-27,Reviewed by Tony Yanick in the staff review app.
mona-alag-2017,profile-3fbb3c6e40bf,approve,profiles-review-2026-09-27,Reviewed by Tony Yanick in the staff review app.
jim-craciun-2017,profile-fdafcf4ecb6a,approve,profiles-review-2026-09-27,Reviewed by Tony Yanick in the staff review app.
wael-khoury-2017,profile-c501e78bc709,approve,profiles-review-2026-09-27,Reviewed by Tony Yanick in the staff review app.
sam-kim-2017,profile-369daa99d4bb,approve,profiles-review-2026-09-27,Reviewed by Tony Yanick in the staff review app.
bill-miller-2017,profile-520f36b3b5f1,approve,profiles-review-2026-09-27,Reviewed by Tony Yanick in the staff review app.
basil-russo-2017,profile-d59e39abec00,approve,profiles-review-2026-09-27,Reviewed by Tony Yanick in the staff review app.
sister-alicia-alvarado-2018,profile-e31536bface1,approve,profiles-review-2026-09-27,Reviewed by Tony Yanick in the staff review app.
sheila-murphy-crawford-2018,profile-c7bae9c1a857,approve,profiles-review-2026-09-27,Reviewed by Tony Yanick in the staff review app.
atul-mehta-2018,profile-6fe2acfb1012,approve,profiles-review-2026-09-27,Reviewed by Tony Yanick in the staff review app.
abby-mina-2018,profile-2cbdcf029900,approve,profiles-review-2026-09-27,Reviewed by Tony Yanick in the staff review app.
ralph-perk-jr-2018,profile-ea1a8710168a,approve,profiles-review-2026-09-27,Reviewed by Tony Yanick in the staff review app.
ray-pianka-2018,profile-e7a65c8c79ec,approve,profiles-review-2026-09-27,Reviewed by Tony Yanick in the staff review app.
akram-boutros-2019,profile-f7c9ede21535,approve,profiles-review-2026-09-27,Reviewed by Tony Yanick in the staff review app.
ingrida-bublys-2019,profile-e298d39aed28,approve,profiles-review-2026-09-27,Reviewed by Tony Yanick in the staff review app.
paul-burik-2019,profile-3c1983b57426,approve,profiles-review-2026-09-27,Reviewed by Tony Yanick in the staff review app.
richard-fleischman-2019,profile-328da774a7f8,approve,profiles-review-2026-09-27,Reviewed by Tony Yanick in the staff review app.
marilyn-madigan-2019,profile-8a3e0aa91e2f,approve,profiles-review-2026-09-27,Reviewed by Tony Yanick in the staff review app.
sree-sreenath-2019,profile-2cc3f462b13c,approve,profiles-review-2026-09-27,Reviewed by Tony Yanick in the staff review app.
may-chen-2020,profile-534f8d93cb45,approve,profiles-review-2026-09-27,Reviewed by Tony Yanick in the staff review app.
margaret-lynch-2020,profile-3764f565a262,approve,profiles-review-2026-09-27,Reviewed by Tony Yanick in the staff review app.
valarie-mccall-2020,profile-9c3ed3d04a45,approve,profiles-review-2026-09-27,Reviewed by Tony Yanick in the staff review app.
ramesh-shah-2020,profile-dc4d6c9ea43e,approve,profiles-review-2026-09-27,Reviewed by Tony Yanick in the staff review app.
berj-shakarian-2020,profile-d131e682a547,approve,profiles-review-2026-09-27,Reviewed by Tony Yanick in the staff review app.
joe-valencic-2020,profile-30fe73a036cf,approve,profiles-review-2026-09-27,Reviewed by Tony Yanick in the staff review app.
anda-cook-2022,profile-e28d47178734,approve,profiles-review-2026-09-27,Reviewed by Tony Yanick in the staff review app.
carl-robson-2022,profile-f835c1de805f,approve,profiles-review-2026-09-27,Reviewed by Tony Yanick in the staff review app.
victor-ruiz-2022,profile-b910e8975a53,approve,profiles-review-2026-09-27,Reviewed by Tony Yanick in the staff review app.
taras-szmagala-2022,profile-947a31fd4546,approve,profiles-review-2026-09-27,Reviewed by Tony Yanick in the staff review app.
pierre-bejjani-2023,profile-ade052a8b60a,approve,profiles-review-2026-09-27,Reviewed by Tony Yanick in the staff review app.
pat-dowd-2023,profile-e3567e5a690d,approve,profiles-review-2026-09-27,Reviewed by Tony Yanick in the staff review app.
joyce-mariani-2023,profile-0221c31948f7,approve,profiles-review-2026-09-27,Reviewed by Tony Yanick in the staff review app.
michael-d-polensek-2023,profile-a97a40de221f,approve,profiles-review-2026-09-27,Reviewed by Tony Yanick in the staff review app.
sudarshan-sathe-2023,profile-94428943bb7d,approve,profiles-review-2026-09-27,Reviewed by Tony Yanick in the staff review app.
georgine-welo-2023,profile-5d28f9ed082e,approve,profiles-review-2026-09-27,Reviewed by Tony Yanick in the staff review app.
dona-brady-2024,profile-ccaf3779099a,approve,profiles-review-2026-09-27,Reviewed by Tony Yanick in the staff review app.
ambassador-edward-f-crawford-2024,profile-336a4e640bbf,approve,profiles-review-2026-09-27,Reviewed by Tony Yanick in the staff review app.
veronica-dahlberg-2024,profile-b6285a62cf59,approve,profiles-review-2026-09-27,Reviewed by Tony Yanick in the staff review app.
dr-eugene-jordan-2024,profile-b60403ae02e0,approve,profiles-review-2026-09-27,Reviewed by Tony Yanick in the staff review app.
erika-puussaar-2024,profile-bcb40bc187e7,approve,profiles-review-2026-09-27,Reviewed by Tony Yanick in the staff review app.
johnny-k-wu-2024,profile-182f4201a7be,approve,profiles-review-2026-09-27,Reviewed by Tony Yanick in the staff review app.
raj-aggarwal-2025,profile-0cb5e1233ccd,approve,profiles-review-2026-09-27,Reviewed by Tony Yanick in the staff review app.
david-gilbert-2025,profile-041f06c162e4,approve,profiles-review-2026-09-27,Reviewed by Tony Yanick in the staff review app.
mayor-frank-jackson-2025,profile-3cf8db8c9b8c,approve,profiles-review-2026-09-27,Reviewed by Tony Yanick in the staff review app.
beverly-kerecman-2025,profile-9d9807983f5d,approve,profiles-review-2026-09-27,Reviewed by Tony Yanick in the staff review app.
branka-malinar-2025,profile-afff1f714706,approve,profiles-review-2026-09-27,Reviewed by Tony Yanick in the staff review app.
svetlana-stolyarova-2025,profile-a4469108ba0e,approve,profiles-review-2026-09-27,Reviewed by Tony Yanick in the staff review app.
andy-chakalis-2026,profile-545f831acefe,approve,profiles-review-2026-09-27,Reviewed by Tony Yanick in the staff review app.
aklilu-demessie-2026,profile-e040bca0c517,approve,profiles-review-2026-09-27,Reviewed by Tony Yanick in the staff review app.
andy-fedynsky-2026,profile-bba1437958ed,approve,profiles-review-2026-09-27,Reviewed by Tony Yanick in the staff review app.
catherine-jorgensen-mccutcheon-2026,profile-df2c8ede3974,approve,profiles-review-2026-09-27,Reviewed by Tony Yanick in the staff review app.
le-nguyen-2026,profile-2cea7ed92ff4,approve,profiles-review-2026-09-27,Reviewed by Tony Yanick in the staff review app.
lucy-torres-2026,profile-7640cafb095c,approve,profiles-review-2026-09-27,Reviewed by Tony Yanick in the staff review app.
