id,name,class_year,pronunciation,source,notes
alex-machaskee-2010,Alex Machaskee,2010,,,Needs sourced pronunciation guidance before visitor display.
august-pust-2010,August Pust,2010,,,Needs sourced pronunciation guidance before visitor display.
dr-dieu-thuc-do-2010,Dr. Dieu Thuc Do,2010,,,Needs sourced pronunciation guidance before visitor display.
helen-karpinski-1899-2002-2010,Helen Karpinski (1899 – 2002),2010,,,Needs sourced pronunciation guidance before visitor display.
irene-morrow-2010,Irene Morrow,2010,,,Needs sourced pronunciation guidance before visitor display.
jeanette-grasselli-brown-2010,Jeanette Grasselli Brown,2010,,,Needs sourced pronunciation guidance before visitor display.
leo-weidenthal-2010,Leo Weidenthal,2010,,,Needs sourced pronunciation guidance before visitor display.
lonnie-mccauley-2010,Lonnie McCauley,2010,,,Needs sourced pronunciation guidance before visitor display.
margaret-w-wong-2010,Margaret W. Wong,2010,,,Needs sourced pronunciation guidance before visitor display.
paramjit-singh-2010,Paramjit Singh,2010,,,Needs sourced pronunciation guidance before visitor display.
paul-sciria-2010,Paul Sciria,2010,,,Needs sourced pronunciation guidance before visitor display.
robert-j-haas-2010,Robert J. Haas,2010,,,Needs sourced pronunciation guidance before visitor display.
senator-george-voinovich-2010,Senator George Voinovich,2010,,,Needs sourced pronunciation guidance before visitor display.
albert-b-ratner-2011,Albert B. Ratner,2011,,,Needs sourced pronunciation guidance before visitor display.
gerald-m-quinn-2011,Gerald M. Quinn,2011,,,Needs sourced pronunciation guidance before visitor display.
giahoa-ryan-2011,Giahoa Ryan,2011,,,Needs sourced pronunciation guidance before visitor display.
lucretia-stoica-2011,Lucretia Stoica,2011,,,Needs sourced pronunciation guidance before visitor display.
luis-martinez-2011,Luis Martinez,2011,,,Needs sourced pronunciation guidance before visitor display.
ralph-j-perk-2011,Ralph J. Perk,2011,,,Needs sourced pronunciation guidance before visitor display.
reverend-dr-otis-moss-jr-2011,"Reverend Dr. Otis Moss, Jr.",2011,,,Needs sourced pronunciation guidance before visitor display.
tony-petkovsek-2011,Tony Petkovsek,2011,,,Needs sourced pronunciation guidance before visitor display.
vijaya-l-emani-2011,Vijaya L. Emani,2011,,,Needs sourced pronunciation guidance before visitor display.
anthony-yen-yan-yuan-tai-2012,Anthony Yen (Yan Yuan Tai),2012,,,Needs sourced pronunciation guidance before visitor display.
dr-jaya-shah-2012,Dr. Jaya Shah,2012,,,Needs sourced pronunciation guidance before visitor display.
fr-jim-o-donnell-2012,Fr. Jim O’Donnell,2012,,,Needs sourced pronunciation guidance before visitor display.
hon-mary-rose-oakar-2012,Hon. Mary Rose Oakar,2012,,,Needs sourced pronunciation guidance before visitor display.
jose-c-feliciano-2012,José C. Feliciano,2012,,,Needs sourced pronunciation guidance before visitor display.
ken-kovach-2012,Ken Kovach,2012,,,Needs sourced pronunciation guidance before visitor display.
milton-maltz-2012,Milton Maltz,2012,,,Needs sourced pronunciation guidance before visitor display.
vladimir-rus-2012,Vladimir Rus,2012,,,Needs sourced pronunciation guidance before visitor display.
bishop-a-edward-pevec-2013,Bishop A. Edward Pevec,2013,,,Needs sourced pronunciation guidance before visitor display.
dr-maria-pujana-2013,Dr. Maria Pujana,2013,,,Needs sourced pronunciation guidance before visitor display.
jack-coyne-2013,Jack Coyne,2013,,,Needs sourced pronunciation guidance before visitor display.
josef-holzer-2013,Josef Holzer,2013,,,Needs sourced pronunciation guidance before visitor display.
nacy-panzica-2013,Nacy Panzica,2013,,,Needs sourced pronunciation guidance before visitor display.
ratanjit-s-sondhe-2013,Ratanjit S. Sondhe,2013,,,Needs sourced pronunciation guidance before visitor display.
samuel-h-miller-2013,Samuel H. Miller,2013,,,Needs sourced pronunciation guidance before visitor display.
donna-hom-2014,Donna Hom,2014,,,Needs sourced pronunciation guidance before visitor display.
ernie-mihaly-2014,Ernie Mihaly,2014,,,Needs sourced pronunciation guidance before visitor display.
eugene-bak-2014,Eugene Bak,2014,,,Needs sourced pronunciation guidance before visitor display.
jim-foster-2014,Jim Foster,2014,,,Needs sourced pronunciation guidance before visitor display.
joseph-p-meissner-2014,Joseph P Meissner,2014,,,Needs sourced pronunciation guidance before visitor display.
margaret-callander-2014,Margaret Callander,2014,,,Needs sourced pronunciation guidance before visitor display.
monte-ahuja-2014,Monte Ahuja,2014,,,Needs sourced pronunciation guidance before visitor display.
thomas-j-scanlon-2014,Thomas J. Scanlon,2014,,,Needs sourced pronunciation guidance before visitor display.
bishop-anthony-pilla-2015,Bishop Anthony Pilla,2015,,,Needs sourced pronunciation guidance before visitor display.
dick-pogue-2015,Dick Pogue,2015,,,Needs sourced pronunciation guidance before visitor display.
dick-russ-2015,Dick Russ,2015,,,Needs sourced pronunciation guidance before visitor display.
honorable-jose-a-villanueva-2015,Honorable José A. Villanueva,2015,,,Needs sourced pronunciation guidance before visitor display.
richard-a-ganim-2015,Richard A. Ganim,2015,,,Needs sourced pronunciation guidance before visitor display.
shiv-k-aggarwal-2015,Shiv K. Aggarwal,2015,,,Needs sourced pronunciation guidance before visitor display.
steve-mulloy-2015,Steve Mulloy,2015,,,Needs sourced pronunciation guidance before visitor display.
arnie-de-la-porte-2016-2016,Arnie de la Porte,2016,,,Needs sourced pronunciation guidance before visitor display.
carolyn-balogh-2016-2016,Carolyn Balogh,2016,,,Needs sourced pronunciation guidance before visitor display.
eugenia-stolarczyk-2016-2016,Eugenia Stolarczyk,2016,,,Needs sourced pronunciation guidance before visitor display.
jack-kahl-2016,Jack Kahl,2016,,,Needs sourced pronunciation guidance before visitor display.
khalid-samad-2016-2016,Khalid Samad,2016,,,Needs sourced pronunciation guidance before visitor display.
mohan-bafna-2016,Mohan Bafna,2016,,,Needs sourced pronunciation guidance before visitor display.
rev-mikhail-mikhail-2016,Rev. Mikhail Mikhail,2016,,,Needs sourced pronunciation guidance before visitor display.
basil-russo-2017,Basil Russo,2017,,,Needs sourced pronunciation guidance before visitor display.
bill-miller-2017,Bill Miller,2017,,,Needs sourced pronunciation guidance before visitor display.
jim-craciun-2017,Jim Craciun,2017,,,Needs sourced pronunciation guidance before visitor display.
mona-alag-2017,Mona Alag,2017,,,Needs sourced pronunciation guidance before visitor display.
sam-kim-2017,Sam Kim,2017,,,Needs sourced pronunciation guidance before visitor display.
wael-khoury-2017,Wael Khoury,2017,,,Needs sourced pronunciation guidance before visitor display.
abby-mina-2018,Abby Mina,2018,,,Needs sourced pronunciation guidance before visitor display.
atul-mehta-2018,Atul Mehta,2018,,,Needs sourced pronunciation guidance before visitor display.
ralph-perk-jr-2018,Ralph Perk Jr.,2018,,,Needs sourced pronunciation guidance before visitor display.
ray-pianka-2018,Ray Pianka,2018,,,Needs sourced pronunciation guidance before visitor display.
sheila-murphy-crawford-2018,Sheila Murphy Crawford,2018,,,Needs sourced pronunciation guidance before visitor display.
sister-alicia-alvarado-2018,Sister Alicia Alvarado,2018,,,Needs sourced pronunciation guidance before visitor display.
akram-boutros-2019,Akram Boutros,2019,,,Needs sourced pronunciation guidance before visitor display.
ingrida-bublys-2019,Ingrida Bublys,2019,,,Needs sourced pronunciation guidance before visitor display.
marilyn-madigan-2019,Marilyn Madigan,2019,,,Needs sourced pronunciation guidance before visitor display.
paul-burik-2019,Paul Burik,2019,,,Needs sourced pronunciation guidance before visitor display.
richard-fleischman-2019,Richard Fleischman,2019,,,Needs sourced pronunciation guidance before visitor display.
sree-sreenath-2019,Sree Sreenath,2019,,,Needs sourced pronunciation guidance before visitor display.
berj-shakarian-2020,Berj Shakarian,2020,,,Needs sourced pronunciation guidance before visitor display.
joe-valencic-2020,Joe Valencic,2020,,,Needs sourced pronunciation guidance before visitor display.
margaret-lynch-2020,Margaret Lynch,2020,,,Needs sourced pronunciation guidance before visitor display.
may-chen-2020,May Chen,2020,,,Needs sourced pronunciation guidance before visitor display.
ramesh-shah-2020,Ramesh Shah,2020,,,Needs sourced pronunciation guidance before visitor display.
valarie-mccall-2020,Valarie McCall,2020,,,Needs sourced pronunciation guidance before visitor display.
anda-cook-2022,Anda Cook,2022,,,Needs sourced pronunciation guidance before visitor display.
carl-robson-2022,Carl Robson,2022,,,Needs sourced pronunciation guidance before visitor display.
taras-szmagala-2022,Taras Szmagala,2022,,,Needs sourced pronunciation guidance before visitor display.
victor-ruiz-2022,Victor Ruiz,2022,,,Needs sourced pronunciation guidance before visitor display.
georgine-welo-2023,Georgine Welo,2023,,,Needs sourced pronunciation guidance before visitor display.
joyce-mariani-2023,Joyce Mariani,2023,,,Needs sourced pronunciation guidance before visitor display.
michael-d-polensek-2023,Michael D. Polensek,2023,,,Needs sourced pronunciation guidance before visitor display.
pat-dowd-2023,Pat Dowd,2023,,,Needs sourced pronunciation guidance before visitor display.
pierre-bejjani-2023,Pierre Bejjani,2023,,,Needs sourced pronunciation guidance before visitor display.
ambassador-edward-f-crawford-2024,Ambassador Edward F. Crawford,2024,,,Needs sourced pronunciation guidance before visitor display.
dona-brady-2024,Dona Brady,2024,,,Needs sourced pronunciation guidance before visitor display.
dr-eugene-jordan-2024,Dr. Eugene Jordan,2024,,,Needs sourced pronunciation guidance before visitor display.
erika-puussaar-2024,Erika Puussaar,2024,,,Needs sourced pronunciation guidance before visitor display.
johnny-k-wu-2024,Johnny K. Wu,2024,,,Needs sourced pronunciation guidance before visitor display.
veronica-dahlberg-2024,Veronica Dahlberg,2024,,,Needs sourced pronunciation guidance before visitor display.
beverly-kerecman-2025,Beverly Kerecman,2025,,,Needs sourced pronunciation guidance before visitor display.
branka-malinar-2025,Branka Malinar,2025,,,Needs sourced pronunciation guidance before visitor display.
david-gilbert-2025,David Gilbert,2025,,,Needs sourced pronunciation guidance before visitor display.
mayor-frank-jackson-2025,Mayor Frank Jackson,2025,,,Needs sourced pronunciation guidance before visitor display.
raj-aggarwal-2025,Raj Aggarwal,2025,,,Needs sourced pronunciation guidance before visitor display.
svetlana-stolyarova-2025,Svetlana Stolyarova,2025,,,Needs sourced pronunciation guidance before visitor display.
aklilu-demessie-2026,Aklilu Demessie,2026,,,Needs sourced pronunciation guidance before visitor display.
andy-chakalis-2026,Andy Chakalis,2026,,,Needs sourced pronunciation guidance before visitor display.
andy-fedynsky-2026,Andy Fedynsky,2026,,,Needs sourced pronunciation guidance before visitor display.
catherine-jorgensen-mccutcheon-2026,Catherine Jorgensen McCutcheon,2026,,,Needs sourced pronunciation guidance before visitor display.
le-nguyen-2026,Le Nguyen,2026,,,Needs sourced pronunciation guidance before visitor display.
lucy-torres-2026,Lucy Torres,2026,,,Needs sourced pronunciation guidance before visitor display.
